seed,epoch,training_loss,population_loss,regularized_objective,t1,t2
0,0,0.5538647184938577,0.9698206157782321,0.6024004917567156,208,22698
0,1,0.5415569177537445,0.9674237056221136,0.5899725657845127,208,22698
0,2,0.5295405209777101,0.9650762108779759,0.5778385169992597,208,22698
0,3,0.517808262284544,0.9627769634145118,0.5659910210898023,208,22698
0,4,0.5063530646342055,0.9605248242060187,0.5544229440416643,208,22698
0,5,0.49516803475429005,0.9583186825763608,0.5431273370257107,208,22698
0,6,0.48424645820649287,0.9561574554632319,0.5320974314278214,208,22698
0,7,0.47358179458912275,0.9540400867021644,0.521326634015604,208,22698
0,8,0.46316767287183025,0.9519655463297347,0.5108085222382795,208,22698
0,9,0.4529978868588283,0.9499328299054403,0.5005368396559956,208,22698
0,10,0.4430663907769843,0.9479409578517319,0.4905054914949172,208,22698
0,11,0.4333672949852726,0.945988974811703,0.4807085403245621,208,22698
0,12,0.42389486180217273,0.9440759490239503,0.47114020185393984,208,22698
0,13,0.41464350144769796,0.9422009717141323,0.4617948408431564,208,22698
0,14,0.405607768096834,0.9403631565027692,0.4526669671272407,208,22698
0,15,0.3967823560412591,0.9385616388288384,0.4437512317490424,208,22698
0,16,0.38816209595630696,0.9367955753887304,0.4350424231981409,208,22698
0,17,0.37974195127022015,0.9350641435901456,0.42653546375279155,208,22698
0,18,0.37151701463282644,0.9333665410205224,0.41822540592202123,208,22698
0,19,0.3634825044808525,0.9317019849295995,0.4101074289850686,208,22698
0,20,0.35563376169716837,0.9300697117257247,0.4021768356254416,208,22698
0,21,0.34796624636133394,0.9284689764855348,0.3944290486569468,208,22698
0,22,0.3404755345888935,0.9268990524766411,0.3868596078391155,208,22698
0,23,0.3331573154569374,0.9253592306929659,0.37946416677953093,208,22698
0,24,0.32600738801351925,0.9238488194023856,0.37223848992062564,208,22698
0,26,0.31219613686416353,0.9209135451110995,0.3582800232421198,208,22698
0,27,0.30552693532152914,0.9194873811103265,0.35153929049871446,208,22698
0,28,0.2990102643633227,0.9180880247787002,0.34495243063646797,208,22698
0,30,0.28641983513752955,0.9153673029629814,0.3322255288125682,208,22698
0,31,0.2803389690277404,0.9140447580240231,0.3260783200002994,208,22698
0,33,0.2685888338542545,0.9114724574522007,0.31419914439555063,208,22698
0,34,0.2629129828615434,0.9102216056749092,0.30846054083220514,208,22698
0,36,0.25194387749943037,0.9077878569456406,0.2973693334239178,208,22698
0,38,0.24146470733724065,0.9054413383312907,0.2867724297479465,208,22698
0,39,0.23640155931067205,0.9042995694348808,0.28165199207871194,208,22698
0,41,0.2266141951921147,0.9020766720433353,0.2717530858010622,208,22698
0,43,0.21726095820112387,0.8999316370440893,0.2622922064724185,208,22698
0,45,0.2083214337888446,0.8978610226598609,0.2532487673295545,208,22698
0,48,0.19564566714625364,0.8948875066038618,0.2404237609291758,208,22698
0,50,0.18765759338392907,0.8929889270795196,0.23234039008693894,208,22698
0,52,0.18001938015164917,0.8911539434007999,0.22461006572307396,208,22698
0,55,0.16918267314255217,0.8885146760595358,0.21364086371742724,208,22698
0,58,0.15904512301970505,0.8860034593934409,0.20337723434686064,208,22698
0,60,0.15265138789259727,0.8843963704729934,0.196902806324081,208,22698
0,63,0.14357441264817372,0.8820805800246471,0.18770954435738516,208,22698
0,66,0.13507644344062852,0.8798721438935386,0.1791006684031047,208,22698
0,70,0.12457905163130523,0.8770828516604343,0.16846318388084128,208,22698
0,73,0.11728424475159299,0.8750992106248724,0.16106873731269478,208,22698
0,77,0.10826597681259584,0.8725877877166706,0.1519243053630729,208,22698
0,80,0.10199405631694153,0.8707973746440536,0.1455624321560276,208,22698
0,84,0.09423423537981267,0.8685249983931447,0.13768843255555938,208,22698
0,89,0.08541885182654592,0.865854110278772,0.12873882991362537,208,22698
0,93,0.07900771293497927,0.8638412077074596,0.12222652546219481,208,22698
0,97,0.07311325598048594,0.8619287842057077,0.11623594339728835,208,22698
0,102,0.06640452969054506,0.8596673893541084,0.10941353973759033,208,22698
0,107,0.060356095902116685,0.8575363128695884,0.10325796822985285,208,22698
0,112,0.05489869125173137,0.8555228610156764,0.09769932976339663,208,22698
0,118,0.04904373860094347,0.8532460630990326,0.0917298922570067,208,22698
0,124,0.04385787148082356,0.8511049142809403,0.08643635227798369,208,22698
0,130,0.03925957870860045,0.849084121032159,0.08173643240709212,208,22698
0,136,0.035177854577520595,0.8471702448164298,0.07755845353917454,208,22698
0,143,0.030986567220048604,0.8450568292189664,0.07326087264618808,208,22698
0,150,0.027329476809887784,0.8430565350823469,0.06950317689974535,208,22698
0,157,0.024133976791988615,0.84115522572907,0.06621205097559374,208,22698
0,165,0.020967885064896642,0.839087901161119,0.06294198717175972,208,22698
0,173,0.018245081206999067,0.8371182928694153,0.060120131610852695,208,22698
0,181,0.015899423101428733,0.8352330915817124,0.057679674383502494,208,22698
0,190,0.013642394544900025,0.8331990860064169,0.05532037495370211,208,22698
0,199,0.011726260092077813,0.8312439608228789,0.05330594887645586,208,22698
0,208,0.01009622861986505,0.8293562735341452,0.051581030298335745,208,22698
0,209,0.009930721099296875,0.8291502599938037,0.05140516814845089,208,22698
0,219,0.00842685223719488,0.8271267836389299,0.04979960578566771,208,22698
0,230,0.007049698722587928,0.8249692277081362,0.04831404202233911,208,22698
0,241,0.005910526310112359,0.8228717844880746,0.04706950257954504,208,22698
0,253,0.004888238401044939,0.8206409392180696,0.04593517159675142,208,22698
0,265,0.004052252093289178,0.8184600249874839,0.04498967582003156,208,22698
0,278,0.003315413571515477,0.8161442477722551,0.044136583893196905,208,22698
0,292,0.0026783258476519778,0.8136955848589567,0.043376602452818935,208,22698
0,306,0.0021694395294350748,0.8112858089008048,0.042746803748097265,208,22698
0,321,0.0017358006704751643,0.8087396846123416,0.04218544154675582,208,22698
0,337,0.0013724015821549868,0.8060577376225265,0.04168753749633582,208,22698
0,353,0.0010881840517287383,0.8034050318898537,0.041270311293210016,208,22698
0,370,0.0008528893073100105,0.8006134789135565,0.040895075382853266,208,22698
0,388,0.0006609780270121124,0.7976834128555541,0.040556308815866284,208,22698
0,407,0.000506654139812248,0.7946151286944854,0.04024823143128363,208,22698
0,427,0.0003842237071365344,0.7914089788627406,0.03996516761452671,208,22698
0,448,0.0002883464261136573,0.7880654452431508,0.03970180145218887,208,22698
0,470,0.0002141930714941717,0.784585188139369,0.03945333667796606,208,22698
0,493,0.0001575261351754082,0.7809690752591609,0.03921557881779015,208,22698
0,517,0.00011472181413418107,0.777218194441589,0.03898495786926071,208,22698
0,542,8.275034312445924e-05,0.7733338539897945,0.03875850870313831,208,22698
0,569,5.837403815709866e-05,0.7691635650202734,0.03852535905907553,208,22698
0,596,4.133281497367434e-05,0.7650179627057897,0.0383007986993187,208,22698
0,626,2.8280806178310283e-05,0.7604397296091332,0.0380585890023222,208,22698
0,656,1.9428653766744064e-05,0.7558901968244208,0.03782203137275866,208,22698
0,688,1.3071951765276462e-05,0.7510683358803715,0.03757435325217272,208,22698
0,722,8.61848153416229e-06,0.7459795537193666,0.03731523270966448,208,22698
0,757,5.6393057711470765e-06,0.740777652218765,0.037051936744585116,208,22698
0,794,3.6201481443393176e-06,0.7353183329033081,0.03677672888352115,208,22698
0,833,2.2826941942528005e-06,0.7296077590129785,0.036489638460617556,208,22698
0,874,1.416579014848357e-06,0.7236523678136262,0.036190776370281674,208,22698
0,916,8.77989891854465e-07,0.7176022850938799,0.03588750969109637,208,22698
0,961,5.345147854073403e-07,0.711176302821714,0.035565634320361014,208,22698
0,1008,3.268988537569515e-07,0.7045262583387286,0.03523268767264819,208,22698
0,1057,2.045048745139635e-07,0.6976595277823712,0.03488898734961739,208,22698
0,1109,1.333217432341804e-07,0.690445659960111,0.034527971489603,208,22698
0,1163,9.428779339809418e-08,0.6830333644651786,0.03415706102364664,208,22698
0,1220,7.346878972742183e-08,0.6752956782290489,0.03376988883256932,208,22698
0,1279,6.322015626323119e-08,0.6673789007100034,0.033373766718820586,208,22698
0,1342,5.849630719019508e-08,0.6590279339992693,0.03295592540908591,208,22698
0,1408,5.6737261542420544e-08,0.6503914740515153,0.03252380176291045,208,22698
0,1476,5.637751256967882e-08,0.6416117863772343,0.0320845119757492,208,22698
0,1548,5.658948935526563e-08,0.632444928224838,0.031625849183660015,208,22698
0,1624,5.6983255094400035e-08,0.6229109993130119,0.031148818220451093,208,22698
0,1703,5.737212053343656e-08,0.6131532090966527,0.03066058399646284,208,22698
0,1787,5.76971825420637e-08,0.6029456383171039,0.03014984206393787,208,22698
0,1874,5.793709029688794e-08,0.5925528213647034,0.029629828125167453,208,22698
0,1965,5.810544768371728e-08,0.5818740246504298,0.02909550153768914,208,22698
0,2061,5.821916483896512e-08,0.5708172573365712,0.028542258983351835,208,22698
0,2162,5.829280880120918e-08,0.5594116122670957,0.0279715556650864,208,22698
0,2268,5.83388345759487e-08,0.5476866511062386,0.027384870250869584,208,22698
0,2378,5.836653189103821e-08,0.5357793287627401,0.026789055150293662,208,22698
0,2495,5.83831490712822e-08,0.523398613890693,0.02616954724180715,208,22698
0,2617,5.8392640567710416e-08,0.5107938006045971,0.025538820083450316,208,22698
0,2744,5.839793366745118e-08,0.4979951985554998,0.024898389814845292,208,22698
0,2878,5.840084968551436e-08,0.48483916947995914,0.024240067468906917,208,22698
0,3019,5.8402403836964977e-08,0.47137151157616597,0.02356614395558345,208,22698
0,3167,5.840320588175791e-08,0.4576380716848522,0.022878912644435954,208,22698
0,3321,5.840360517499652e-08,0.4437731341481115,0.0221850924980853,208,22698
0,3483,5.8403800478904984e-08,0.4296417751124386,0.021477930949710115,208,22698
0,3654,5.840389294474833e-08,0.41521403396450496,0.02075592766396917,208,22698
0,3832,5.840393465043255e-08,0.4007109675011735,0.020030143982922955,208,22698
0,4019,5.840395301331129e-08,0.3860208819058488,0.01929498944903492,208,22698
0,4216,5.8403960795709e-08,0.37112841883833175,0.01854969429521945,208,22698
0,4422,5.8403963935398266e-08,0.3561709112323704,0.017801130231328857,208,22698
0,4638,5.8403965154033395e-08,0.34113560950302957,0.017048658106530917,208,22698
0,4864,5.840396560550742e-08,0.32608465184681806,0.016295386621219942,208,22698
0,5102,5.840396576586524e-08,0.31095340864127413,0.015538079911661604,208,22698
0,5351,5.840396581955408e-08,0.29587556802825854,0.014783427657653718,208,22698
0,5612,5.840396583665071e-08,0.2808571805899053,0.014031731487173087,208,22698
0,5886,5.8403965841801126e-08,0.2659123739451337,0.01328369718918261,208,22698
0,6174,5.8403965843261345e-08,0.25106272442587424,0.012540403302327995,208,22698
0,6476,5.840396584364848e-08,0.23638368027950693,0.011805624972500999,208,22698
0,6792,5.840396584374437e-08,0.22194497999079535,0.011082851838864862,208,22698
0,7124,5.840396584376655e-08,0.20772737904978494,0.010371119306664005,208,22698
0,7472,5.840396584377145e-08,0.19380466675795668,0.009674119991512737,208,22698
0,7837,5.8403965843772383e-08,0.18020713915785147,0.00899336944202171,208,22698
0,8220,5.840396584377256e-08,0.16696776424007734,0.008330517086253549,208,22698
0,8621,5.8403965843772595e-08,0.15415184573064966,0.007688831583833773,208,22698
0,9042,5.8403965843772595e-08,0.14175893607248233,0.0070682897587676635,208,22698
0,9484,5.8403965843772595e-08,0.12982407416739586,0.006470645348651211,208,22698
0,9947,5.8403965843772595e-08,0.11840439481443142,0.0058987590084328525,208,22698
0,10433,5.8403965843772595e-08,0.10750317634911746,0.00535279477518395,208,22698
0,10943,5.8403965843772595e-08,0.09714861688688146,0.004834164927596384,208,22698
0,11477,5.8403965843772595e-08,0.08738214482757437,0.00434494503080335,208,22698
0,12038,5.8403965843772595e-08,0.07818658324465047,0.0038842754984571466,208,22698
0,12626,5.8403965843772595e-08,0.0695952121054475,0.003453824741277345,208,22698
0,13243,5.8403965843772595e-08,0.06160413809607908,0.0030533994477312462,208,22698
0,13890,5.8403965843772595e-08,0.05422012635748974,0.0026833408535324485,208,22698
0,14568,5.8403965843772595e-08,0.047443219176995385,0.002343654001783312,208,22698
0,15280,5.8403965843772595e-08,0.041250683475151664,0.002033202842775637,208,22698
0,16027,5.8403965843772595e-08,0.035636431405812866,0.0017516861751131357,208,22698
0,16809,5.8403965843772595e-08,0.03059317466093771,0.001498743538130378,208,22698
0,17631,5.8403965843772595e-08,0.026078294806499012,0.0012722430128888338,208,22698
0,18492,5.8403965843772595e-08,0.022082511432936196,0.0010717253550336155,208,22698
0,19395,5.8403965843772595e-08,0.018570298204864742,0.0008954151506215378,208,22698
0,20343,5.8403965843772595e-08,0.01550690886605968,0.0007415761782331955,208,22698
0,21336,5.8403965843772595e-08,0.012865034073549147,0.0006088459942446998,208,22698
0,22379,5.8403965843772595e-08,0.010602109154596572,0.0004950959379718761,208,22698
0,22697,5.8403965843772595e-08,0.010001181470299896,0.00046487764041805625,208,22698
0,22698,5.8403965843772595e-08,0.009999351572095642,0.00046478561347699853,208,22698
0,23472,5.8403965843772595e-08,0.008687622517857815,0.0003988029224837044,208,22698
0,24618,5.8403965843772595e-08,0.007083808868584438,0.0003180791077489802,208,22698
0,25821,5.8403965843772595e-08,0.00575350327589286,0.0002510661715128695,208,22698
0,27082,5.8403965843772595e-08,0.0046644149120835515,0.00019615054479346788,208,22698
0,28405,5.8403965843772595e-08,0.0037827782833043918,0.0001516434505291927,208,22698
0,29793,5.8403965843772595e-08,0.0030782540656974417,0.00011602761415831586,208,22698
0,31248,5.8403965843772595e-08,0.0025232476876120933,8.79229576026976e-05,208,22698
0,32775,5.8403965843772595e-08,0.0020917035284068425,6.60253620844057e-05,208,22698
0,34376,5.8403965843772595e-08,0.0017614862734670297,4.9227194619887434e-05,208,22698
0,36055,5.8403965843772595e-08,0.001512690969777581,3.6531676548585505e-05,208,22698
0,37817,5.8403965843772595e-08,0.0013282405227723884,2.708315686647091e-05,208,22698
0,39664,5.8403965843772595e-08,0.0011940528421471035,2.017596320471707e-05,208,22698
0,41602,5.8403965843772595e-08,0.0010981591043395709,1.5209484579634605e-05,208,22698
0,43634,5.8403965843772595e-08,0.0010310495116395923,1.1706288814237406e-05,208,22698
0,45765,5.8403965843772595e-08,0.0009850766799126458,9.281824445709459e-06,208,22698
0,48001,5.8403965843772595e-08,0.0009542993242401765,7.636812134435949e-06,208,22698
0,50346,5.8403965843772595e-08,0.0009342294036503653,6.544768092368842e-06,208,22698
0,52805,5.8403965843772595e-08,0.0009215115750067833,5.835834978229284e-06,208,22698
0,55385,5.8403965843772595e-08,0.0009137065019384502,5.385999170334592e-06,208,22698
0,58090,5.8403965843772595e-08,0.0009090996397936709,5.107681047086217e-06,208,22698
0,60928,5.8403965843772595e-08,0.0009065038953535654,4.939732560074882e-06,208,22698
0,63904,5.8403965843772595e-08,0.0009051305953102602,4.841135775684998e-06,208,22698
0,67026,5.8403965843772595e-08,0.0009044678552751163,4.784842407498892e-06,208,22698
0,70300,5.8403965843772595e-08,0.000904196938513685,4.753652550633082e-06,208,22698
0,73735,5.8403965843772595e-08,0.00090412659073004,4.736893291371814e-06,208,22698
0,77336,5.8403965843772595e-08,0.0009041477823800686,4.728183556863881e-06,208,22698
0,81114,5.8403965843772595e-08,0.0009042020346020162,4.723805324371996e-06,208,22698
0,85077,5.8403965843772595e-08,0.0009042606567591922,4.721682650685816e-06,208,22698
0,89233,5.8403965843772595e-08,0.0009043115141959975,4.720691737914222e-06,208,22698
0,93592,5.8403965843772595e-08,0.000904351078206051,4.7202469398104516e-06,208,22698
0,98164,5.8403965843772595e-08,0.0009043797928849271,4.720055358307178e-06,208,22698
0,102959,5.8403965843772595e-08,0.0009043995995577864,4.7199763446043795e-06,208,22698
0,107989,5.8403965843772595e-08,0.0009044127166178471,4.719945197964133e-06,208,22698
0,113264,5.8403965843772595e-08,0.0009044210987310041,4.719933494918112e-06,208,22698
0,118797,5.8403965843772595e-08,0.000904426285530521,4.719929310756309e-06,208,22698
0,124600,5.8403965843772595e-08,0.000904429397091722,4.7199278912768984e-06,208,22698
0,130687,5.8403965843772595e-08,0.0009044312080104101,4.719927435380106e-06,208,22698
0,137071,5.8403965843772595e-08,0.000904432229996035,4.719927297171671e-06,208,22698
0,143767,5.8403965843772595e-08,0.0009044327890045276,4.719927257721878e-06,208,22698
0,150790,5.8403965843772595e-08,0.0009044330850200667,4.719927247152159e-06,208,22698
0,158156,5.8403965843772595e-08,0.0009044332365849234,4.719927244501889e-06,208,22698
0,165882,5.8403965843772595e-08,0.000904433311512302,4.719927243881971e-06,208,22698
0,173986,5.8403965843772595e-08,0.000904433347217777,4.719927243747162e-06,208,22698
0,182485,5.8403965843772595e-08,0.0009044333635877305,4.719927243720009e-06,208,22698
0,191400,5.8403965843772595e-08,0.0009044333707978906,4.719927243714959e-06,208,22698
0,200749,5.8403965843772595e-08,0.0009044333738415058,4.7199272437140955e-06,208,22698
0,210556,5.8403965843772595e-08,0.0009044333750710332,4.71992724371396e-06,208,22698
0,220842,5.8403965843772595e-08,0.0009044333755450858,4.7199272437139405e-06,208,22698
0,226980,5.8403965843772595e-08,0.0009044333756660793,4.719927243713939e-06,208,22698
0,231630,5.8403965843772595e-08,0.000904433375719171,4.719927243713938e-06,208,22698
1,0,0.5475522004602564,1.0348165048144988,0.599201575732509,218,23144
1,1,0.5357378945906188,1.032431618896715,0.5872679653806635,218,23144
1,2,0.5241965011179203,1.0300941903123704,0.5756096422838168,218,23144
1,3,0.5129213604699623,1.0278031246741275,0.5642198921131897,218,23144
1,4,0.5019059829226533,1.0255573542795604,0.5530921717229779,218,23144
1,5,0.49114404410843165,1.0233558374309792,0.5422201046247564,218,23144
1,6,0.48062938064711885,1.0211975577732353,0.5315974765852137,218,23144
1,7,0.4703559858957771,1.0190815236490138,0.5212182313437632,218,23144
1,8,0.4603180058142455,1.0170067674711394,0.5110764664466853,218,23144
1,9,0.4505097349431232,1.0149723451114288,0.501166429194544,218,23144
1,10,0.4409256124910608,1.012977335305646,0.4914825126997169,218,23144
1,11,0.4315602185283111,1.0110208390741167,0.48201925205096646,218,23144
1,12,0.42240827028357486,1.0091019791575817,0.4727713205820707,218,23144
1,13,0.41346461854126626,1.0072198994678732,0.4637335262416128,218,23144
1,14,0.4047242441364009,1.0053737645530116,0.4549008080611153,218,23144
1,15,0.3961822545443898,1.0035627590763365,0.4462682327187823,218,23144
1,16,0.38783388056310103,1.0017860873092848,0.4378309911961912,218,23144
1,17,0.37967447308462515,1.0000429726374558,0.4295843955253535,218,23144
1,18,0.37169949995425383,0.9983326570795962,0.421523875623634,218,23144
1,19,0.3639045429142503,0.9966544008191595,0.4136449762140917,218,23144
1,20,0.3562852946300615,0.9950074817481032,0.40594335382887325,218,23144
1,21,0.3488375557966873,0.9933911950225879,0.39841477389336,218,23144
1,22,0.3415572323229857,0.9918048526302615,0.3910551078888292,218,23144
1,23,0.33444033259175826,0.990247782968818,0.38386033059146013,218,23144
1,24,0.32748296479351924,0.9887193304355226,0.37682651738557194,218,23144
1,26,0.3140317412987985,0.9857457319518862,0.36322657220892207,218,23144
1,27,0.3075305780170828,0.9842993512473993,0.35665307086528053,218,23144
1,28,0.30117432664942734,0.9828791174140001,0.3502257899814476,218,23144
1,30,0.2888829236046402,0.9801147785185942,0.3377961378541746,218,23144
1,31,0.282941164816312,0.9787695515719675,0.33178710335867556,218,23144
1,33,0.27144962493880337,0.9761502765540084,0.32016457431500855,218,23144
1,34,0.26589371597388006,0.9748751841044065,0.31454489962789434,218,23144
1,36,0.2551468643151234,0.9723915698191228,0.30367384816338444,218,23144
1,38,0.24486780167845043,0.9699934936830548,0.29327486663272434,218,23144
1,39,0.23989688844538037,0.9688253661277333,0.288245540928896,218,23144
1,41,0.2302792733000804,0.9665486940932595,0.2785140827980962,218,23144
1,43,0.22107731242678305,0.9643486028839015,0.269202111588778,218,23144
1,45,0.21227189922775147,0.9622217950304065,0.2602903556806587,218,23144
1,48,0.1997677714827863,0.9591621469846466,0.24763324823102628,218,23144
1,50,0.19187608186924257,0.9572050964367226,0.23964371180224744,218,23144
1,52,0.18432103917861087,0.9553109329377113,0.23199396962514754,218,23144
1,55,0.17358641633856814,0.952581790178242,0.22112290798282877,218,23144
1,58,0.16352639838933627,0.9499796495499259,0.21093280733697928,218,23144
1,60,0.157172066798021,0.9483115023966985,0.20449508775024655,218,23144
1,63,0.14813762244963122,0.9459036499454131,0.19534028425428543,218,23144
1,66,0.13966431968065368,0.9436027850615585,0.1867519767174778,218,23144
1,70,0.1291755828427637,0.9406900330961729,0.17611766077925384,218,23144
1,73,0.121871477130639,0.93861385982477,0.16870979526083651,218,23144
1,77,0.1128228572126383,0.935979432640685,0.15952952520235245,218,23144
1,80,0.10651657795649669,0.934097213899879,0.1531291926153887,218,23144
1,84,0.09869791170488192,0.931703237398359,0.14519090943451435,218,23144
1,89,0.08979171664971329,0.9288819515610633,0.13614375981491178,218,23144
1,93,0.08329689768903407,0.9267502291771321,0.129542447743416,218,23144
1,97,0.0773110670624872,0.9247204706370153,0.12345522630163253,218,23144
1,102,0.07047981934980196,0.9223146600668004,0.1165038145188542,218,23144
1,107,0.06430217957317107,0.9200418185603314,0.1102126639851472,218,23144
1,112,0.05871115597398016,0.917889362384971,0.10451415299879932,218,23144
1,118,0.05269263890153665,0.9154494970007615,0.09837380961566575,218,23144
1,124,0.047342109137900365,0.9131494066878492,0.09290844614735805,218,23144
1,130,0.04258006489910073,0.9109737964899536,0.08803779511115217,218,23144
1,136,0.03833704164368055,0.9089091835835102,0.08369171698043737,218,23144
1,143,0.03396220472510659,0.9066249615179557,0.0792028756319385,218,23144
1,150,0.030127801986719757,0.9044591460273926,0.07526038954105463,218,23144
1,157,0.02676211770526189,0.9023974064764854,0.07179182555787246,218,23144
1,165,0.023410955767500397,0.9001526920232449,0.06832866362515277,218,23144
1,173,0.020513528922837993,0.8980117261170356,0.06532442205434312,218,23144
1,181,0.018003798772949827,0.8959608540885958,0.06271237891203588,218,23144
1,190,0.015574640919903624,0.8937468377282587,0.060172775324647536,218,23144
1,199,0.013499161622313256,0.8916179836874029,0.05799110308636911,218,23144
1,208,0.011721999637030666,0.8895623883488126,0.05611140519583303,218,23144
1,209,0.011540869961584498,0.8893380583987229,0.05591908573438281,218,23144
1,218,0.010041434060094293,0.8873521401885442,0.05432059072641507,218,23144
1,219,0.009888409724405604,0.8871349454315453,0.05415673255701901,218,23144
1,230,0.008362987290400336,0.8847867314618286,0.05251417884354142,218,23144
1,241,0.007090162273330205,0.8825052373222845,0.05112754821005108,218,23144
1,253,0.0059372181747939685,0.8800804076051584,0.049853644226195704,218,23144
1,265,0.0049848290374660395,0.8777118863451052,0.048783098151846505,218,23144
1,278,0.004136254567060357,0.8751992977446913,0.047809171902540235,218,23144
1,292,0.0033936304596875622,0.8725453264287656,0.04693413245819266,218,23144
1,306,0.0027926781060324825,0.8699363263741675,0.04620299753342777,218,23144
1,321,0.0022734189881185984,0.8671826809338162,0.04554632592855575,218,23144
1,337,0.001831533065074186,0.864285296091706,0.04495984046413438,218,23144
1,353,0.001480211596983912,0.8614224734678428,0.04446563007660985,218,23144
1,370,0.0011842568689761164,0.8584127308779262,0.044019438382044876,218,23144
1,388,0.0009382411221078675,0.8552565569712907,0.04361586037711059,218,23144
1,407,0.000736287369584435,0.8519543264664036,0.043249036435627795,218,23144
1,427,0.000572462205415763,0.8485064108343874,0.042913050664267795,218,23144
1,448,0.0004410621759332548,0.8449132649537927,0.0426022216059291,218,23144
1,470,0.00033680519567318433,0.8411754905041066,0.04231129681211742,218,23144
1,493,0.000254942850139951,0.837293878443976,0.04203556724622362,218,23144
1,517,0.00019131070020609917,0.8332694337790671,0.04177091879516352,218,23144
1,542,0.00014233288931161876,0.8291033861255209,0.04151383736843306,218,23144
1,569,0.00010378036989356722,0.8246320864778848,0.0412519190424387,218,23144
1,596,7.59193440474522e-05,0.8201884122635377,0.04100205977213051,218,23144
1,626,5.382950376032951e-05,0.8152820336231427,0.0407348435202532,218,23144
1,656,3.829479067015373e-05,0.810407228673714,0.0404757491321274,218,23144
1,688,2.6721746480226788e-05,0.8052412865539809,0.04020606067423646,218,23144
1,722,1.8296077446582373e-05,0.7997899159230414,0.03992524935597919,218,23144
1,757,1.2432897223687204e-05,0.7942177753643607,0.03964095848056783,218,23144
1,794,8.296019309335379e-06,0.7883702056180145,0.03934462471838385,218,23144
1,833,5.43939110216285e-06,0.7822537424243019,0.039036129205544466,218,23144
1,874,3.5079509073971877e-06,0.7758752229966203,0.038715459197502494,218,23144
1,916,2.252195267223035e-06,0.7693953877599277,0.03839039829805501,218,23144
1,961,1.4129204626445238e-06,0.7625130150752661,0.03804563555123161,218,23144
1,1008,8.789693849407538e-07,0.7553906970854622,0.03768918532781658,218,23144
1,1057,5.458050624252295e-07,0.7480363091463244,0.03732133723240352,218,23144
1,1109,3.388226698758717e-07,0.7403101161955408,0.036935034303135106,218,23144
1,1163,2.1578253541459214e-07,0.7323713732727244,0.03653819312333664,218,23144
1,1220,1.4295586994622098e-07,0.7240840867342622,0.036123984480338454,218,23144
1,1279,1.0154507523053599e-07,0.7156049364825309,0.03570021965320557,218,23144
1,1342,7.77934673815571e-08,0.706660692403623,0.03525323130687345,218,23144
1,1408,6.477944903255091e-08,0.6974106022985621,0.03479097087856462,218,23144
1,1476,5.785913888643404e-08,0.6880070315104607,0.03432104806387323,218,23144
1,1548,5.412309962264622e-08,0.678188693074462,0.03383040321296235,218,23144
1,1624,5.214551448508702e-08,0.6679771019177482,0.03332011040341086,218,23144
1,1703,5.111919878923829e-08,0.6575256351436668,0.03279783366185898,218,23144
1,1787,5.0573279411791505e-08,0.6465922993078896,0.03225148008529331,218,23144
1,1874,5.0287763323332726e-08,0.6354604234644111,0.031695208118454984,218,23144
1,1965,5.0133615721027264e-08,0.6240220986701563,0.031123625599604774,218,23144
1,2061,5.004817305588995e-08,0.6121787747211422,0.030531808217981845,218,23144
1,2162,5.0000291684820554e-08,0.5999615949327983,0.029921312629134725,218,23144
1,2268,4.99732679636905e-08,0.5874022048939338,0.029293720596302444,218,23144
1,2378,4.995810398136737e-08,0.5746472890441559,0.028656362311160984,218,23144
1,2495,4.9949434142077216e-08,0.561385077269734,0.027993659238377884,218,23144
1,2617,4.994465085642207e-08,0.5478825879123714,0.02731895465409075,218,23144
1,2744,4.994205366211579e-08,0.5341722693657228,0.026633870410614754,218,23144
1,2878,4.994065548629033e-08,0.5200788010194275,0.025929646565438,218,23144
1,3019,4.993992677910465e-08,0.5056512130073381,0.025208733762106555,218,23144
1,3167,4.9939559397830257e-08,0.49093858855963995,0.024473585275280648,218,23144
1,3321,4.99393810716937e-08,0.47608475843214504,0.023731388546980706,218,23144
1,3483,4.993929624639147e-08,0.46094514481133836,0.022974920187933793,218,23144
1,3654,4.99392573128375e-08,0.44548760899155704,0.022202575251977007,218,23144
1,3832,4.993924034359338e-08,0.4299489496087345,0.02142618633280352,218,23144
1,4019,4.993923314596889e-08,0.4142094620808718,0.020639773178448676,218,23144
1,4216,4.993923021708194e-08,0.3982526456913674,0.019842512349847626,218,23144
1,4422,4.993922908621045e-08,0.38222560462959787,0.01904175468654722,218,23144
1,4638,4.9939228667373e-08,0.36611463572931907,0.018236816472949044,218,23144
1,4864,4.9939228519739835e-08,0.34998627898675294,0.017431023163458032,218,23144
1,5102,4.993922846999123e-08,0.3337712290668464,0.016620913273870434,218,23144
1,5351,4.9939228454234634e-08,0.31761269933411784,0.015813642921640357,218,23144
1,5612,4.9939228449500647e-08,0.3015171274131121,0.015009534765743217,218,23144
1,5886,4.9939228448158655e-08,0.2854996030866434,0.014209343806249126,218,23144
1,6174,4.9939228447801565e-08,0.2695831963510225,0.013414223782867713,218,23144
1,6476,4.9939228447712964e-08,0.25384872174704637,0.012628213063387015,218,23144
1,6792,4.993922844769243e-08,0.238370885221011,0.011855044601921343,218,23144
1,7124,4.993922844768801e-08,0.22312900885395656,0.011093686547384362,218,23144
1,7472,4.993922844768716e-08,0.2082021486911239,0.01034808898286638,218,23144
1,7837,4.9939228447686984e-08,0.19362274202156876,0.009619873128544296,218,23144
1,8220,4.993922844768696e-08,0.17942609528679154,0.008910803418786419,218,23144
1,8621,4.993922844768697e-08,0.16568219977775392,0.008224376420379901,218,23144
1,9042,4.993922844768697e-08,0.15239054587845727,0.00756056734138472,218,23144
1,9484,4.993922844768697e-08,0.13958868486803894,0.006921252198680591,218,23144
1,9947,4.993922844768697e-08,0.1273378866056916,0.0063094911062677944,218,23144
1,10433,4.993922844768697e-08,0.11564166265889295,0.005725459538695931,218,23144
1,10943,4.993922844768697e-08,0.10453026898344314,0.005170668245732179,218,23144
1,11477,4.993922844768697e-08,0.09404818280777415,0.004647337511205615,218,23144
1,12038,4.993922844768697e-08,0.08417700093850526,0.004154547814144831,218,23144
1,12626,4.993922844768697e-08,0.07495249435180498,0.003694083895140078,218,23144
1,13243,4.993922844768697e-08,0.0663705506192676,0.003265738964019772,218,23144
1,13890,4.993922844768697e-08,0.05843852172470721,0.0028698780491439933,218,23144
1,14568,4.993922844768697e-08,0.05115656611751641,0.0025065065452452118,218,23144
1,15280,4.993922844768697e-08,0.04450038901369896,0.0021744091915947682,218,23144
1,16027,4.993922844768697e-08,0.03846360144052208,0.0018732637855410678,218,23144
1,16809,4.993922844768697e-08,0.03303855978773594,0.0016026847333132034,218,23144
1,17631,4.993922844768697e-08,0.028179635503384905,0.0013603914680099397,218,23144
1,18492,4.993922844768697e-08,0.023877085728117406,0.0011458927244821153,218,23144
1,19395,4.993922844768697e-08,0.020092941953988145,0.0009572892981203788,218,23144
1,20343,4.993922844768697e-08,0.01679007743242206,0.0007927239095363116,218,23144
1,21336,4.993922844768697e-08,0.01393939555533805,0.0006507391187788508,218,23144
1,22379,4.993922844768697e-08,0.011495347321901819,0.0005290578443827714,218,23144
1,22697,4.993922844768697e-08,0.010845874476011229,0.0004967325772408403,218,23144
1,22698,4.993922844768697e-08,0.01084389642197913,0.0004966341337249987,218,23144
1,23143,4.993922844768697e-08,0.01000169502449349,0.00045472391148479495,218,23144
1,23144,4.993922844768697e-08,0.00999988539733632,0.0004546338692820179,218,23144
1,23472,4.993922844768697e-08,0.009425390076929534,0.0004260508022417163,218,23144
1,24618,4.993922844768697e-08,0.007689141759502115,0.00033969852275382464,218,23144
1,25821,4.993922844768697e-08,0.006246843188736599,0.00026801311221938347,218,23144
1,27082,4.993922844768697e-08,0.005063989649594724,0.0002092684956237727,218,23144
1,28405,4.993922844768697e-08,0.004104441930880277,0.0001616581459923474,218,23144
1,29793,4.993922844768697e-08,0.003335733380250119,0.00012355899685525878,218,23144
1,31248,4.993922844768697e-08,0.0027283318855045916,9.34947442455764e-05,218,23144
1,32775,4.993922844768697e-08,0.0022543133868294595,7.007033975574562e-05,218,23144
1,34376,4.993922844768697e-08,0.0018899656610540392,5.210092073674435e-05,218,23144
1,36055,4.993922844768697e-08,0.0016139367002102171,3.852020817578231e-05,218,23144
1,37817,4.993922844768697e-08,0.0014078892729445561,2.8412890836803357e-05,218,23144
1,39664,4.993922844768697e-08,0.001256698808630629,2.1024093373293615e-05,218,23144
1,41602,4.993922844768697e-08,0.0011474780816949407,1.5711327224752343e-05,218,23144
1,43634,4.993922844768697e-08,0.0010699791427079145,1.1963871274751884e-05,218,23144
1,45765,4.993922844768697e-08,0.001015937036426552,9.370361225114673e-06,218,23144
1,48001,4.993922844768697e-08,0.000978910595149274,7.6106504962433846e-06,218,23144
1,50346,4.993922844768697e-08,0.0009540183774545488,6.442463727028411e-06,218,23144
1,52805,4.993922844768697e-08,0.0009375902906165405,5.684100279865068e-06,218,23144
1,55385,4.993922844768697e-08,0.0009269377941636421,5.202899688259794e-06,218,23144
1,58090,4.993922844768697e-08,0.0009201551907129214,4.905175845001542e-06,218,23144
1,60928,4.993922844768697e-08,0.000915903291615316,4.72551715645182e-06,218,23144
1,63904,4.993922844768697e-08,0.0009132771916839172,4.62004571521454e-06,218,23144
1,67026,4.993922844768697e-08,0.0009116731068221217,4.559827294183572e-06,218,23144
1,70300,4.993922844768697e-08,0.0009107012510736686,4.526462725795488e-06,218,23144
1,73735,4.993922844768697e-08,0.0009101141189606579,4.508534927852652e-06,218,23144
1,77336,4.993922844768697e-08,0.0009097591442965535,4.499217907454571e-06,218,23144
1,81114,4.993922844768697e-08,0.0009095430747442325,4.494534402877332e-06,218,23144
1,85077,4.993922844768697e-08,0.0009094104247377092,4.492263725853296e-06,218,23144
1,89233,4.993922844768697e-08,0.0009093282258014708,4.491203721728343e-06,218,23144
1,93592,4.993922844768697e-08,0.0009092768846830598,4.49072791009458e-06,218,23144
1,98164,4.993922844768697e-08,0.0009092446957888309,4.490522970578655e-06,218,23144
1,102959,4.993922844768697e-08,0.0009092245466606994,4.49043844764859e-06,218,23144
1,107989,4.993922844768697e-08,0.0009092120215658623,4.4904051293100984e-06,218,23144
1,113264,4.993922844768697e-08,0.0009092043347281091,4.490392610269662e-06,218,23144
1,118797,4.993922844768697e-08,0.0009091996963560452,4.490388134367344e-06,218,23144
1,124600,4.993922844768697e-08,0.0009091969559548335,4.4903866159147885e-06,218,23144
1,130687,4.993922844768697e-08,0.0009091953753619503,4.4903861282306105e-06,218,23144
1,137071,4.993922844768697e-08,0.0009091944879628776,4.490385980385598e-06,218,23144
1,143767,4.993922844768697e-08,0.0009091940039682407,4.49038593818517e-06,218,23144
1,150790,4.993922844768697e-08,0.000909193748074241,4.490385926878477e-06,218,23144
1,158156,4.993922844768697e-08,0.0009091936171590297,4.490385924043418e-06,218,23144
1,165882,4.993922844768697e-08,0.0009091935524666622,4.4903859233802755e-06,218,23144
1,173986,4.993922844768697e-08,0.0009091935216447305,4.490385923236067e-06,218,23144
1,182485,4.993922844768697e-08,0.0009091935075150835,4.49038592320702e-06,218,23144
1,191400,4.993922844768697e-08,0.0009091935012919355,4.4903859232016185e-06,218,23144
1,200749,4.993922844768697e-08,0.0009091934986650154,4.490385923200695e-06,218,23144
1,210556,4.993922844768697e-08,0.0009091934976038283,4.49038592320055e-06,218,23144
1,220842,4.993922844768697e-08,0.0009091934971946818,4.490385923200529e-06,218,23144
1,226980,4.993922844768697e-08,0.0009091934970902545,4.4903859232005275e-06,218,23144
1,231440,4.993922844768697e-08,0.0009091934970459166,4.4903859232005275e-06,218,23144
1,231630,4.993922844768697e-08,0.0009091934970444319,4.4903859232005275e-06,218,23144
2,0,0.4941398313538378,1.0247969538614696,0.5453753353945393,203,23045
2,1,0.48295094407181355,1.022626910494341,0.5340783712314232,203,23045
2,2,0.4720349835046471,1.0205017788616746,0.5230565746575587,203,23045
2,3,0.46138488191068006,1.018420465455046,0.5123028233108291,203,23045
2,4,0.45099376334856395,1.0163819050609968,0.501810188043503,203,23045
2,5,0.44085493828019096,1.0143850599936493,0.4915719274868033,203,23045
2,6,0.4309618983298104,1.012428919348908,0.4815814827727432,203,23045
2,7,0.4213083111947116,1.010512498279616,0.47183247240857457,203,23045
2,8,0.4118880157029926,1.00863483729107,0.46231868729934084,203,23045
2,9,0.4026950170140687,1.0067950015562932,0.4530340859141571,203,23045
2,10,0.3937234819577063,1.0049920802505097,0.4439727895919761,203,23045
2,11,0.38496773450749233,1.0032251859042531,0.4351290779827205,203,23045
2,12,0.37642225138477525,1.0014934537745839,0.4264973846197926,203,23045
2,13,0.36808165778922997,0.9997960412338835,0.4180722926200871,203,23045
2,14,0.3599407232523152,0.9981321271757277,0.4098485305077491,203,23045
2,15,0.35199435761000475,0.9965009114373409,0.40182096815803614,203,23045
2,16,0.34423760709128187,0.9949016142381591,0.3939846128577476,203,23045
2,17,0.336665650518992,0.9933334756340371,0.38633460547879556,203,23045
2,18,0.3292737956197469,0.9917957549866505,0.3788662167615859,203,23045
2,19,0.322057475439681,0.9902877304476567,0.3715748437049899,203,23045
2,20,0.31501224486294704,0.9888086984571917,0.36445600605977185,203,23045
2,21,0.308133777229937,0.9873579732562937,0.35750534292243796,203,23045
2,22,0.30141786105230295,0.9859348864128497,0.35071860942656147,203,23045
2,23,0.2948603968219391,0.9845387863606847,0.34409167352872577,203,23045
2,24,0.28845739391117275,0.9831690379514141,0.33762051288631484,203,23045
2,26,0.2760993359582207,0.980506134954512,0.3251299583895352,203,23045
2,27,0.2701368173886228,0.9792117882971967,0.31910304148666985,203,23045
2,28,0.26431382748100335,0.9779414083307694,0.3132168480988222,203,23045
2,30,0.253072566852807,0.9754703250083461,0.3018526540555402,203,23045
2,31,0.24764759033300143,0.9742685444959108,0.2963678938215338,203,23045
2,33,0.23717283710173803,0.9719299128035453,0.2857768096929487,203,23045
2,34,0.23211686992506508,0.9707920629441683,0.2806642454748478,203,23045
2,36,0.22235288242803486,0.9685768907551547,0.2707900806729809,203,23045
2,38,0.21303389374389073,0.9664393535630278,0.26136478387834267,203,23045
2,39,0.20853445151429753,0.9653985898247824,0.25681358321736064,203,23045
2,41,0.19984264349735542,0.9633709503135266,0.248020943672647,203,23045
2,43,0.19154368325485613,0.9614124529334942,0.23962459715278728,203,23045
2,45,0.18361855983841582,0.9595199854216532,0.23160537736433962,203,23045
2,48,0.17239261261916689,0.9567986502038909,0.22024413273269783,203,23045
2,50,0.16532516290932686,0.9550586091344542,0.21309018013407705,203,23045
2,52,0.15857233571406457,0.9533748396789097,0.20625365293157183,203,23045
2,55,0.1490003522189121,0.9509492729056979,0.1965611042596345,203,23045
2,58,0.14005509188491921,0.9486368143501819,0.1875009114140354,203,23045
2,60,0.1344178992558611,0.9471543553921863,0.1817900438543182,203,23045
2,63,0.1264210290296353,0.945014304034436,0.1736868252418644,203,23045
2,66,0.11894069588548341,0.9429688524634302,0.16610485292185864,203,23045
2,70,0.10970887575301064,0.940378305701572,0.1567443188549035,203,23045
2,73,0.10329898492021915,0.9385306963151936,0.1502426351136663,203,23045
2,77,0.09538072440625259,0.9361845112121085,0.14220781997710982,203,23045
2,80,0.08987762620634909,0.9345067087106491,0.13662137682956138,203,23045
2,84,0.0830731348312813,0.9323704662841485,0.1297107736177932,203,23045
2,89,0.07534819160137982,0.9298489702455861,0.12186059001905566,203,23045
2,93,0.06973320560944803,0.9279403610018782,0.11615080990851945,203,23045
2,97,0.06457274301910353,0.9261198458520176,0.11089993146621585,203,23045
2,102,0.05870130989357833,0.9239573916844083,0.10492110256661291,203,23045
2,107,0.05340898714362945,0.9219091494916839,0.09952705721971389,203,23045
2,112,0.04863427244764219,0.9199639940874058,0.09465573883568407,203,23045
2,118,0.04351150898162213,0.917751949200915,0.08942311389250407,203,23045
2,124,0.038973166200368684,0.9156588481821827,0.08478081155103219,203,23045
2,130,0.03494746016840312,0.9136713399913134,0.08065638316359786,203,23045
2,136,0.031372019179922724,0.9117777051366391,0.07698687369926713,203,23045
2,143,0.02769775999497323,0.9096734376270429,0.07320806961960347,203,23045
2,150,0.024488507233344455,0.9076687160443127,0.06989920210831067,203,23045
2,157,0.02168091168281669,0.9057512364950899,0.06699631012323337,203,23045
2,165,0.01889499608382668,0.9036530793217161,0.0641060970734071,203,23045
2,173,0.01649481463292964,0.9016414004325201,0.0616058932077074,203,23045
2,181,0.014422945904838941,0.8997046155827695,0.05943770178339018,203,23045
2,190,0.012424721796991757,0.8976030212475841,0.05733492972607956,203,23045
2,199,0.010723756449171104,0.8955718661801674,0.05553289057247724,203,23045
2,203,0.010050465591587484,0.8946890683945457,0.054815660671033696,203,23045
2,204,0.00988940514997773,0.8944701399072492,0.05464370271050668,203,23045
2,208,0.009272599816089503,0.8936011652244439,0.053983639196147994,203,23045
2,209,0.009125002343223521,0.8933855516112593,0.05382530743922791,203,23045
2,218,0.007905558276258511,0.8914722258801004,0.05251059331944663,203,23045
2,219,0.007781364539243509,0.8912624815322934,0.05237595410560511,203,23045
2,230,0.006546249994045164,0.8889889067618988,0.05102759182478573,203,23045
2,241,0.005520248164524278,0.8867700656774394,0.04989103107736516,203,23045
2,253,0.004595243974469676,0.8844020042979609,0.04884799292325852,203,23045
2,265,0.0038349610532922105,0.8820800356348448,0.047971935133975435,203,23045
2,278,0.0031611419447035737,0.8796081968125544,0.04717482894928058,203,23045
2,292,0.0025749111981667725,0.8769887078726557,0.046457905108930476,203,23045
2,306,0.0021034859754771274,0.8744060987730301,0.0458575879288642,203,23045
2,321,0.001698852790476813,0.8716733191648265,0.04531652963987247,203,23045
2,337,0.0013570249485491026,0.8687912536185516,0.04483078522599748,203,23045
2,353,0.0010873592033285389,0.8659379021469136,0.04441860146962811,203,23045
2,370,0.0008620434990400675,0.8629330169433416,0.04404316520828542,203,23045
2,388,0.0006763988633551709,0.8597772605720593,0.04369982965523454,203,23045
2,407,0.0005254474622325443,0.8564712485714978,0.04338364737195629,203,23045
2,427,0.0004042331227559931,0.8530156373603269,0.043089695103901135,203,23045
2,448,0.00030805077990901463,0.8494111913249869,0.04281330649665327,203,23045
2,470,0.0002325952186428984,0.8456588301056196,0.04255022311931379,203,23045
2,493,0.00017404311835334001,0.8417596583927789,0.04229667792128192,203,23045
2,517,0.00012908343175483062,0.8377149812183813,0.04204942630591881,203,23045
2,542,9.491036589158283e-05,0.8335263079109777,0.041805739248659685,203,23045
2,569,6.836039357718751e-05,0.8290292722162982,0.04155423205539415,203,23045
2,596,4.942657485399193e-05,0.8245588952584261,0.04131165809118671,203,23045
2,626,3.4616239779191065e-05,0.8196220654590807,0.041049856438417055,203,23045
2,656,2.4343558389598876e-05,0.8147162664944001,0.040794131231150325,203,23045
2,688,1.6793996224569378e-05,0.8095169005524137,0.0405264287734236,203,23045
2,722,1.1372805019505105e-05,0.8040298020911028,0.04024644654958505,203,23045
2,757,7.65142847754042e-06,0.7984208068311628,0.03996205488425816,203,23045
2,794,5.060417866064977e-06,0.7925343159878823,0.03966489913697862,203,23045
2,833,3.2943841650853007e-06,0.786376968757406,0.039355006638029835,203,23045
2,874,2.115199094550872e-06,0.7799556990621623,0.03903248675622756,203,23045
2,916,1.3574801145323486e-06,0.7734323687566858,0.038705274893129075,203,23045
2,961,8.565038457320116e-07,0.76650376760166,0.03835803288765515,203,23045
2,1008,5.4087655139387e-07,0.759333605638757,0.03799888241287565,203,23045
2,1057,3.45557483389092e-07,0.7519298324710201,0.037628156615948274,203,23045
2,1109,2.2499177829998301e-07,0.7441517926388876,0.03723877083701254,203,23045
2,1163,1.5361928619624398e-07,0.7361598248941047,0.036838724052789464,203,23045
2,1220,1.1142940137774775e-07,0.7278170368821731,0.0364211452452623,203,23045
2,1279,8.738776048870969e-08,0.7192811692915896,0.03599391793586066,203,23045
2,1342,7.351156686126645e-08,0.7102771767886229,0.03554326854841273,203,23045
2,1408,6.58232453433041e-08,0.7009653849114078,0.035077216898150076,203,23045
2,1476,6.166805133134107e-08,0.6914991849770746,0.034603437258431485,203,23045
2,1548,5.9377130165195576e-08,0.6816155614489708,0.034108764010065795,203,23045
2,1624,5.8133894986125355e-08,0.671336188580767,0.03359428069040247,203,23045
2,1703,5.747180549007363e-08,0.6608154757495289,0.03306771463143352,203,23045
2,1787,5.7111777480630126e-08,0.6498098431321698,0.032516873806776606,203,23045
2,1874,5.6921193101455035e-08,0.6386045105441162,0.03195603304211188,203,23045
2,1965,5.6818755435937906e-08,0.6270908717922828,0.031379755936802214,203,23045
2,2061,5.6763434259984186e-08,0.615169748331479,0.03078307775649172,203,23045
2,2162,5.673396492597304e-08,0.6028725118616973,0.030167567951480387,203,23045
2,2268,5.6718549554489544e-08,0.59023103953433,0.029534821280639504,203,23045
2,2378,5.6710723853807965e-08,0.5773929957545215,0.02889222814278358,203,23045
2,2495,5.6706773109283956e-08,0.5640446063981286,0.02822408205108728,203,23045
2,2617,5.6704899603729465e-08,0.5504546563900438,0.027543835875038294,203,23045
2,2744,5.670405089455952e-08,0.5366558289688691,0.026853124787886266,203,23045
2,2878,5.670368458603317e-08,0.5224717034203432,0.02614311689857997,203,23045
2,3019,5.670354051193804e-08,0.5079516643954732,0.02541628297869085,203,23045
2,3167,5.6703491011476273e-08,0.4931451487540376,0.024675096452509704,203,23045
2,3321,5.670347784285644e-08,0.4781969399377103,0.023926803795108056,203,23045
2,3483,5.6703476529827064e-08,0.4629615797811022,0.023164122288914797,203,23045
2,3654,5.6703478106196824e-08,0.44740677665512524,0.022385433805766054,203,23045
2,3832,5.670347969439291e-08,0.4317708644558536,0.021602668124709616,203,23045
2,4019,5.670348072614446e-08,0.41593343327484594,0.020809795875817116,203,23045
2,4216,5.670348128252167e-08,0.39987793600917576,0.020005986856822002,203,23045
2,4422,5.670348154637641e-08,0.38375244111540796,0.019198652282364437,203,23045
2,4638,5.670348166083032e-08,0.36754321341828755,0.01838710282124348,203,23045
2,4864,5.6703481706588644e-08,0.3513172531581255,0.01757469124101908,203,23045
2,5102,5.6703481723678956e-08,0.3350048969323769,0.016757927627070734,203,23045
2,5351,5.670348172957648e-08,0.31875028031999436,0.015944026872623154,203,23045
2,5612,5.6703481731481136e-08,0.30255993723813196,0.015133314286766168,203,23045
2,5886,5.670348173205563e-08,0.2864491099302485,0.01432655107065742,203,23045
2,6174,5.6703481732216837e-08,0.2704410712670223,0.01352490044008643,203,23045
2,6476,5.67034817322587e-08,0.2546171678420812,0.01273243393141067,203,23045
2,6792,5.670348173226887e-08,0.23905258837853588,0.01195291515884136,203,23045
2,7124,5.670348173227116e-08,0.22372659927738797,0.011185303796327482,203,23045
2,7472,5.67034817322716e-08,0.20871875410088883,0.010433582370414755,203,23045
2,7837,5.670348173227171e-08,0.19406172059029478,0.00969938541694543,203,23045
2,8220,5.6703481732271715e-08,0.17979104561507342,0.008984491862222907,203,23045
2,8621,5.6703481732271715e-08,0.16597712797875983,0.008292426991596984,203,23045
2,9042,5.6703481732271715e-08,0.1526194923355547,0.007623165809502501,203,23045
2,9484,5.6703481732271715e-08,0.13975591202062418,0.006978599741221634,203,23045
2,9947,5.6703481732271715e-08,0.12744797149293025,0.006361814034573335,203,23045
2,10433,5.6703481732271715e-08,0.11569920536569003,0.005772985605342894,203,23045
2,10943,5.6703481732271715e-08,0.10454000376613592,0.005213637611629565,203,23045
2,11477,5.6703481732271715e-08,0.09401500950977314,0.004686008573253361,203,23045
2,12038,5.6703481732271715e-08,0.08410570390669554,0.00418917141688588,203,23045
2,12626,5.6703481732271715e-08,0.07484793913779615,0.0037249255418347863,203,23045
2,13243,5.6703481732271715e-08,0.06623750375183962,0.003293062459486321,203,23045
2,13890,5.6703481732271715e-08,0.058281666599560474,0.002893950196309983,203,23045
2,14568,5.6703481732271715e-08,0.05098044631989089,0.002527594191347126,203,23045
2,15280,5.6703481732271715e-08,0.04430931947248067,0.0021927692024949347,203,23045
2,16027,5.6703481732271715e-08,0.0382616908657583,0.0018891503807353651,203,23045
2,16809,5.6703481732271715e-08,0.03282966356333509,0.0016163489652769613,203,23045
2,17631,5.6703481732271715e-08,0.027967282298224018,0.0013720656581009665,203,23045
2,18492,5.6703481732271715e-08,0.02366449406714742,0.0011558051591205737,203,23045
2,19395,5.6703481732271715e-08,0.019882975013323194,0.0009656526648747973,203,23045
2,20343,5.6703481732271715e-08,0.016585240867568598,0.0007997356414705271,203,23045
2,21336,5.6703481732271715e-08,0.013741810361950983,0.0006565846784773474,203,23045
2,22379,5.6703481732271715e-08,0.011306780961202408,0.0005339039919396536,203,23045
2,22697,5.6703481732271715e-08,0.010660256858664986,0.0005013132257336888,203,23045
2,22698,5.6703481732271715e-08,0.010658288192377722,0.0005012139736657879,203,23045
2,23044,5.6703481732271715e-08,0.010000325287822277,0.0004680373987329621,203,23045
2,23045,5.6703481732271715e-08,0.009998489159690932,0.00046794480149770304,203,23045
2,23143,5.6703481732271715e-08,0.009820326059549501,0.0004589595276724018,203,23045
2,23144,5.6703481732271715e-08,0.009818526085267527,0.0004588687459205761,203,23045
2,23472,5.6703481732271715e-08,0.00924722262583698,0.0004300509158537822,203,23045
2,24618,5.6703481732271715e-08,0.007522401159402749,0.0003429893939865302,203,23045
2,25821,5.6703481732271715e-08,0.0060922344724183885,0.0002707152053511009,203,23045
2,27082,5.6703481732271715e-08,0.0049218875980396905,0.0002114880980569704,203,23045
2,28405,5.6703481732271715e-08,0.003974948705762282,0.0001634867074726597,203,23045
2,29793,5.6703481732271715e-08,0.003218699340703365,0.00012507463629870248,203,23045
2,31248,5.6703481732271715e-08,0.0026233816721220548,9.476345515185769e-05,203,23045
2,32775,5.6703481732271715e-08,0.0021609067448734144,7.114665758944104e-05,203,23045
2,34376,5.6703481732271715e-08,0.0018074093645761885,5.3029649258653896e-05,203,23045
2,36055,5.6703481732271715e-08,0.0015414359183698865,3.9337393413052826e-05,203,23045
2,37817,5.6703481732271715e-08,0.0013445851124502842,2.9147061035664218e-05,203,23045
2,39664,5.6703481732271715e-08,0.0012016836946865306,2.1697576716813654e-05,203,23045
2,41602,5.6703481732271715e-08,0.0010998431372640765,1.6341174906000085e-05,203,23045
2,43634,5.6703481732271715e-08,0.0010288249037940416,1.2562939750282198e-05,203,23045
2,45765,5.6703481732271715e-08,0.000980401301051914,9.948128268309806e-06,203,23045
2,48001,5.6703481732271715e-08,0.0009481849849539326,8.173964401296336e-06,203,23045
2,50346,5.6703481732271715e-08,0.0009273547230405031,6.99618289331304e-06,203,23045
2,52805,5.6703481732271715e-08,0.0009143109876864454,6.231590733961949e-06,203,23045
2,55385,5.6703481732271715e-08,0.0009064417751718757,5.746437868547996e-06,203,23045
2,58090,5.6703481732271715e-08,0.0009019149874114728,5.4462687121117125e-06,203,23045
2,60928,5.6703481732271715e-08,0.0008994668451920244,5.265134422031892e-06,203,23045
2,63904,5.6703481732271715e-08,0.0008982613439429453,5.158796705852231e-06,203,23045
2,67026,5.6703481732271715e-08,0.0008977598000672321,5.098083689235988e-06,203,23045
2,70300,5.6703481732271715e-08,0.0008976300830807737,5.0644450856283326e-06,203,23045
2,73735,5.6703481732271715e-08,0.0008976761460601369,5.046370040222603e-06,203,23045
2,77336,5.6703481732271715e-08,0.0008977889593491595,5.036976495779588e-06,203,23045
2,81114,5.6703481732271715e-08,0.0008979127648995784,5.03225452389205e-06,203,23045
2,85077,5.6703481732271715e-08,0.0008980225257908578,5.029965196979617e-06,203,23045
2,89233,5.6703481732271715e-08,0.0008981099159043871,5.028896486658925e-06,203,23045
2,93592,5.6703481732271715e-08,0.000898174897589126,5.028416767012806e-06,203,23045
2,98164,5.6703481732271715e-08,0.0008982208513382415,5.028210144254808e-06,203,23045
2,102959,5.6703481732271715e-08,0.0008982520598209531,5.0281249271074695e-06,203,23045
2,107989,5.6703481732271715e-08,0.0008982725327471554,5.02809133511346e-06,203,23045
2,113264,5.6703481732271715e-08,0.0008982855399226875,5.028078713249635e-06,203,23045
2,118797,5.6703481732271715e-08,0.000898293560526953,5.028074200585119e-06,203,23045
2,124600,5.6703481732271715e-08,0.0008982983620452544,5.028072669660965e-06,203,23045
2,130687,5.6703481732271715e-08,0.0008983011531043758,5.0280721779712626e-06,203,23045
2,137071,5.6703481732271715e-08,0.0008983027271323546,5.028072028911945e-06,203,23045
2,143767,5.6703481732271715e-08,0.0008983035877656272,5.02807198636491e-06,203,23045
2,150790,5.6703481732271715e-08,0.0008983040434075392,5.028071974965351e-06,203,23045
2,158156,5.6703481732271715e-08,0.0008983042766783121,5.028071972107006e-06,203,23045
2,165882,5.6703481732271715e-08,0.0008983043919913506,5.028071971438418e-06,203,23045
2,173986,5.6703481732271715e-08,0.0008983044469405039,5.0280719712930245e-06,203,23045
2,182485,5.6703481732271715e-08,0.000898304472132822,5.028071971263739e-06,203,23045
2,191400,5.6703481732271715e-08,0.0008983044832287368,5.028071971258293e-06,203,23045
2,200749,5.6703481732271715e-08,0.0008983044879126285,5.028071971257362e-06,203,23045
2,210556,5.6703481732271715e-08,0.0008983044898047753,5.028071971257216e-06,203,23045
2,220842,5.6703481732271715e-08,0.0008983044905343052,5.028071971257195e-06,203,23045
2,226980,5.6703481732271715e-08,0.0008983044907205048,5.028071971257193e-06,203,23045
2,230450,5.6703481732271715e-08,0.000898304490784924,5.028071971257193e-06,203,23045
2,231440,5.6703481732271715e-08,0.0008983044907995616,5.028071971257193e-06,203,23045
2,231630,5.6703481732271715e-08,0.0008983044908022088,5.028071971257193e-06,203,23045
3,0,0.5814877505108658,1.045323141698725,0.6336353613929575,225,23163
3,1,0.5689688842305151,1.0428011826678492,0.6209904002318807,225,23163
3,2,0.5567419608594547,1.0403295071722778,0.6086398985987181,225,23163
3,3,0.5447997127677945,1.037906944753627,0.5965765302824527,225,23163
3,4,0.5331350627398621,1.0355323540650443,0.5847931609429636,225,23163
3,5,0.5217411187855497,1.033204622108991,0.5732828428842431,225,23163
3,6,0.5106111690973573,1.030922663495784,0.5620388099743477,225,23163
3,7,0.4997386771489451,1.0286854197223148,0.5510544727078679,225,23163
3,8,0.4891172769311302,1.0264918584703786,0.5403234134068222,225,23163
3,9,0.4787407683213834,1.0243409729240645,0.5298393815560065,225,23163
3,10,0.4686031125829956,1.0222317811056723,0.5195962892689374,225,23163
3,11,0.4586984279901941,1.0201633252296378,0.5095882068806481,225,23163
3,12,0.44902098557560227,1.018134671073964,0.4998093586637017,225,23163
3,13,0.4395652049965365,1.0161449073686661,0.4902541186638942,225,23163
3,14,0.43032565051673777,1.0141931452007567,0.48091700665221826,225,23163
3,15,0.42129702710023786,1.01227851743531,0.4717926841897666,225,23163
3,16,0.41247417661415076,1.0104001781521572,0.4628759508023418,225,23163
3,17,0.40385207413727914,1.0085573020977716,0.4541617402616414,225,23163
3,18,0.39542582437151075,1.0067490841519304,0.445645116969972,225,23163
3,19,0.38719065815307396,1.0049747388087311,0.43732127244554037,225,23163
3,20,0.3791419290607999,1.0032334996715722,0.4291855219054494,225,23163
3,21,0.3712751101186275,1.0015246189617046,0.4212333009436163,225,23163
3,22,0.3635857905896661,0.9998473670399783,0.4134601623009078,225,23163
3,23,0.35606967285920615,0.9982010319414181,0.4058617727248659,225,23163
3,24,0.3487225694041477,0.9965849189222735,0.39843390991647426,225,23163
3,26,0.3345191880877848,0.9934406636202099,0.3840734124439486,225,23163
3,27,0.32765505952436397,0.991911214047143,0.3771328616394666,225,23163
3,28,0.3209442383375453,0.9904093711492136,0.3703469997861467,225,23163
3,30,0.30796789301526867,0.9874860600496719,0.3572245954484874,225,23163
3,31,0.3016952878253656,0.9860634056756724,0.3508809125329989,225,23163
3,33,0.28956417853314814,0.9832932394589947,0.33861140819762625,225,23163
3,34,0.2836991185072189,0.9819446244407422,0.33267897563123444,225,23163
3,36,0.2723542148207998,0.9793176704328894,0.32120284366302054,225,23163
3,38,0.26150282186882173,0.9767810169519576,0.3102247412523533,225,23163
3,39,0.2562549333744086,0.9755453226484028,0.3049151310014084,225,23163
3,41,0.24610088820772574,0.9731368393286683,0.2946407901474222,225,23163
3,43,0.23638477760657076,0.9708092121701016,0.2848084299013907,225,23163
3,45,0.22708627215059374,0.9685589674989227,0.27539754694992197,225,23163
3,48,0.21387950696874414,0.9653214881504081,0.2620291151423882,225,23163
3,50,0.20554252434934586,0.9632505392789259,0.25358872651875053,225,23163
3,52,0.197559554207281,0.9612460315980839,0.24550567478876742,225,23163
3,55,0.1862136321482399,0.9583577376240471,0.23401555776621866,225,23163
3,58,0.17557653738120926,0.955603700101595,0.22324098521566543,225,23163
3,60,0.16885522625675642,0.9538381188216645,0.21643154658395614,225,23163
3,63,0.15929517179584096,0.9512895817749156,0.20674429548186565,225,23163
3,66,0.15032416904399387,0.9488542797059396,0.19765176087454667,225,23163
3,70,0.13921185120256052,0.9457714319541914,0.18638561561166248,225,23163
3,73,0.13146777391867268,0.9435741608567825,0.17853191344682667,225,23163
3,77,0.12186645131760782,0.9407863733847489,0.1687915222542847,225,23163
3,80,0.11516923657696193,0.9387948795527996,0.16199497487045433,225,23163
3,84,0.10685833265015486,0.936262412106131,0.15355777164110893,225,23163
3,89,0.09737965320438267,0.9332788736633447,0.14393032153598218,225,23163
3,93,0.09045815588876963,0.9310254602113405,0.13689647872882169,225,23163
3,97,0.08407116023048744,0.9288807493576967,0.1304025722432084,225,23163
3,102,0.07677145684133835,0.9263401184670582,0.12297624177148193,225,23163
3,107,0.07015897563253558,0.9239416460266002,0.1162442389808287,225,23163
3,112,0.06416383200852332,0.921672093845299,0.11013601657959544,225,23163
3,118,0.05769734950418815,0.91910213930323,0.1035415097495554,225,23163
3,124,0.05193556152091478,0.9166824466980434,0.09765920391232166,225,23163
3,130,0.046795591298025394,0.9143968661385891,0.09240541395801267,225,23163
3,136,0.042205010680580954,0.912231137171955,0.0877069980005541,225,23163
3,143,0.03745959352548238,0.9098391940872445,0.08284249886900902,225,23163
3,150,0.033288719815704,0.9075757223582642,0.07855895409652208,225,23163
3,157,0.02961744357688664,0.9054254659200242,0.07478065436289748,225,23163
3,165,0.02595118590104687,0.903089708110371,0.07099815138033526,225,23163
3,173,0.02277147854269347,0.9008674137044069,0.06770785378806306,225,23163
3,181,0.02000893467877808,0.898743914717251,0.06483964119388445,225,23163
3,190,0.01732688706754635,0.8964574642528089,0.06204381871307152,225,23163
3,199,0.015028283358073474,0.894264881255301,0.05963611055984687,225,23163
3,203,0.014114040295535637,0.8933170726736694,0.05867470299129063,225,23163
3,204,0.013894946388024045,0.8930824951793198,0.05844393599661582,225,23163
3,208,0.013054426324806037,0.8921532339924594,0.05755717327135865,225,23163
3,209,0.01285294105068091,0.8919231092587646,0.05734423617518094,225,23163
3,218,0.011182714394387047,0.8898886031985812,0.05557276178348216,225,23163
3,219,0.011012026715824852,0.8896663858449396,0.055391014963689394,225,23163
3,225,0.01004475865723049,0.888347904309522,0.05435812767029867,225,23163
3,226,0.00989258683439463,0.8881305273665548,0.054195136896364356,225,23163
3,230,0.009308106159550321,0.8872674166358885,0.05356769770092312,225,23163
3,241,0.007882954757381015,0.8849425553803285,0.05202682427352597,225,23163
3,253,0.006589465490856943,0.8824775670065751,0.05061062054276799,225,23163
3,265,0.005519355523211207,0.8800751764504771,0.04942089287792978,225,23163
3,278,0.0045649930756721906,0.8775318062397575,0.048339870358713205,225,23163
3,292,0.0037295540878854337,0.8748503390437276,0.047370867263942615,225,23163
3,306,0.003053844323901983,0.8722186007609118,0.046564042965449824,225,23163
3,321,0.0024708144152487395,0.869444817922676,0.045842792312009197,225,23163
3,337,0.001975885459608211,0.8665297530443988,0.04520257034928132,225,23163
3,353,0.0015837955718790708,0.8636522949386012,0.04466703081198698,225,23163
3,370,0.0012550536150301953,0.86062954749957,0.04418756457263647,225,23163
3,388,0.0009834473799454476,0.8574617448622018,0.04375796865818946,225,23163
3,407,0.0007621786357577164,0.8541489814355316,0.04337144772349799,225,23163
3,427,0.0005843350390405168,0.8506913443709032,0.043021092562546444,225,23163
3,448,0.0004432427920598272,0.8470890177179711,0.04270023793232895,225,23163
3,470,0.0003327089644307912,0.8433423585357039,0.04240270862182454,225,23163
3,493,0.00024716874684087525,0.8394519473547037,0.04212296915962381,225,23163
3,517,0.00018175579122158697,0.8354186166694472,0.04185619550347399,225,23163
3,542,0.00013231409752773068,0.8312434617151148,0.04159828738911575,225,23163
3,569,9.418005832739037e-05,0.8267623720813064,0.041336387121567855,225,23163
3,596,6.722701140786539e-05,0.8223088817520393,0.04108702481795129,225,23163
3,626,4.636877078549462e-05,0.8173915236427601,0.04082057099877458,225,23163
3,656,3.208354314995967e-05,0.8125056503515816,0.04056224494405906,225,23163
3,688,2.1734468536862878e-05,0.8073278114983653,0.040293256036972924,225,23163
3,722,1.4424459024028336e-05,0.8018637196830244,0.040012993129703335,225,23163
3,757,9.498019865783765e-06,0.7962784257015388,0.03972904704706484,225,23163
3,794,6.13656636417633e-06,0.7904169194636395,0.039432856938682107,225,23163
3,833,3.895741038988134e-06,0.7842857646051379,0.0391243073784236,225,23163
3,874,2.4352003816056904e-06,0.7778918293449286,0.038803402246676146,225,23163
3,916,1.5204131207558874e-06,0.7713962599026316,0.03847795926637062,225,23163
3,961,9.317090483366209e-07,0.7644971165997843,0.03813267445536118,225,23163
3,1008,5.712667009484222e-07,0.757357397474836,0.037775594556136584,225,23163
3,1057,3.546830168999637e-07,0.7499850066697956,0.03740703099378002,225,23163
3,1109,2.2494182416341653e-07,0.7422398736029577,0.03701992917626809,225,23163
3,1163,1.5040613426088052e-07,0.7342816484853123,0.03662223482228093,225,23163
3,1220,1.0760271981883815e-07,0.725974007271732,0.03620711390675263,225,23163
3,1279,8.385579622096737e-08,0.7174740167033687,0.03578240192761097,225,23163
3,1342,7.046250617727215e-08,0.7085077758592185,0.035334405713283355,225,23163
3,1408,6.317118490074101e-08,0.6992349239241373,0.034871097636612704,225,23163
3,1476,5.92674592841373e-08,0.6898082010008953,0.0344001067840993,225,23163
3,1548,5.711282513052091e-08,0.6799656760143163,0.03390834508917324,225,23163
3,1624,5.592732943172624e-08,0.6697289152856615,0.03339688977111165,225,23163
3,1703,5.527824999456816e-08,0.6592516724759299,0.03287342273553624,225,23163
3,1787,5.491035752731902e-08,0.6482913554290066,0.03232582374673541,225,23163
3,1874,5.470487834904593e-08,0.6371319904213143,0.03176828364208667,225,23163
3,1965,5.458729010624033e-08,0.6256654003243525,0.03119539802876281,225,23163
3,2061,5.451918070850573e-08,0.613792789005496,0.03060223139760185,225,23163
3,2162,5.448000870505154e-08,0.6015453740055196,0.029990343965867344,225,23163
3,2268,5.445772871976212e-08,0.588954876392082,0.0293613211086849,225,23163
3,2378,5.444532229141983e-08,0.5761683414184439,0.028722509731967043,225,23163
3,2495,5.443836369246582e-08,0.5628732228259781,0.02805829578433412,225,23163
3,2617,5.4434626911636915e-08,0.5493371977966373,0.027382052963159712,225,23163
3,2744,5.443266092514334e-08,0.5355927924196858,0.026695406818491797,225,23163
3,2878,5.44316378843234e-08,0.5214642464779559,0.025989577436352072,225,23163
3,3019,5.443112311962372e-08,0.5070007075443063,0.02526702104744133,225,23163
3,3167,5.443087263089275e-08,0.49225137656435175,0.02453019651956439,225,23163
3,3321,5.4430755227561024e-08,0.47736043905139847,0.023786307681157276,225,23163
3,3483,5.443070126611257e-08,0.46218295151921757,0.02302811467457778,225,23163
3,3654,5.4430677322433864e-08,0.4466866889540913,0.022254008894598658,225,23163
3,3832,5.44306672276176e-08,0.4311090379531103,0.021475849911657418,225,23163
3,4019,5.443066308273229e-08,0.41532998840509877,0.020687643839608076,225,23163
3,4216,5.443066144927013e-08,0.3993329915093055,0.0198885653620539,225,23163
3,4422,5.4430660838202043e-08,0.38326551547226934,0.019085982077481026,225,23163
3,4638,5.4430660618811636e-08,0.3671138164312443,0.018279208711510137,225,23163
3,4864,5.4430660543812255e-08,0.3509445962129338,0.01747157830014119,225,23163
3,5102,5.4430660519290215e-08,0.33468836668565455,0.01665962146744552,225,23163
3,5351,5.443066051175109e-08,0.31848869754575637,0.015850510645875948,225,23163
3,5612,5.443066050955096e-08,0.3023520359975928,0.015044569230027578,225,23163
3,5886,5.443066050894482e-08,0.286293502878208,0.014242553941270528,225,23163
3,6174,5.4430660508787946e-08,0.27033621920825285,0.013445621149687973,225,23163
3,6476,5.443066050875007e-08,0.2545611992367676,0.012657818430010915,225,23163
3,6792,5.4430660508741564e-08,0.2390433345863108,0.01188288724699396,225,23163
3,7124,5.4430660508739784e-08,0.22376188679361758,0.011119793397067146,225,23163
3,7472,5.443066050873939e-08,0.2087961099618395,0.010372495968986352,225,23163
3,7837,5.443066050873939e-08,0.1941785195551347,0.009642619879095466,225,23163
3,8220,5.443066050873935e-08,0.1799445083267635,0.008931933584439153,225,23163
3,8621,5.443066050873935e-08,0.16616424678494832,0.008243941623513107,225,23163
3,9042,5.443066050873935e-08,0.15283721963725855,0.007578619147854972,225,23163
3,9484,5.443066050873935e-08,0.1400010739138338,0.006937846451414143,225,23163
3,9947,5.443066050873935e-08,0.12771724130567655,0.006324690624844979,225,23163
3,10433,5.443066050873935e-08,0.11598924206660509,0.0057393275427557785,225,23163
3,10943,5.443066050873935e-08,0.10484741455409552,0.005183271399222826,225,23163
3,11477,5.443066050873935e-08,0.09433636084519917,0.004658747540027868,225,23163
3,12038,5.443066050873935e-08,0.08443763160386791,0.004164834347813631,225,23163
3,12626,5.443066050873935e-08,0.07518710431723845,0.003703320632142212,225,23163
3,13243,5.443066050873935e-08,0.06658066484074894,0.00327399913138786,225,23163
3,13890,5.443066050873935e-08,0.058625698768192076,0.002877235706126906,225,23163
3,14568,5.443066050873935e-08,0.05132238147621314,0.002513035763391094,225,23163
3,15280,5.443066050873935e-08,0.044646366209869615,0.0021801812718184772,225,23163
3,16027,5.443066050873935e-08,0.038591267479382234,0.001878349294178147,225,23163
3,16809,5.443066050873935e-08,0.033149446617525724,0.0016071533575965366,225,23163
3,17631,5.443066050873935e-08,0.028275165404557916,0.0013643076957823347,225,23163
3,18492,5.443066050873935e-08,0.023958685784205902,0.0011493199235669937,225,23163
3,19395,5.443066050873935e-08,0.02016195779207732,0.0009602865064065329,225,23163
3,20343,5.443066050873935e-08,0.016847776208847202,0.0007953459305618491,225,23163
3,21336,5.443066050873935e-08,0.013986995192192611,0.0006530374333120822,225,23163
3,22379,5.443066050873935e-08,0.011533959480061692,0.0005310787417482628,225,23163
3,22697,5.443066050873935e-08,0.010882033517262362,0.000498679777284361,225,23163
3,22698,5.443066050873935e-08,0.010880047944167633,0.0004985811093303593,225,23163
3,23044,5.443066050873935e-08,0.010216267868734098,0.0004655997837153185,225,23163
3,23045,5.443066050873935e-08,0.01021441502557536,0.00046550773142923065,225,23163
3,23143,5.443066050873935e-08,0.01003461669947883,0.0004565753373417581,225,23163
3,23144,5.443066050873935e-08,0.010032800068524876,0.00045648508985470047,225,23163
3,23162,5.443066050873935e-08,0.010000162567287078,0.0004548637179025512,225,23163
3,23163,5.443066050873935e-08,0.009998352804642901,0.0004547738127222652,225,23163
3,23472,5.443066050873935e-08,0.009456066323598068,0.0004278368572123537,225,23163
3,24618,5.443066050873935e-08,0.007712843998433689,0.0003412877059796327,225,23163
3,25821,5.443066050873935e-08,0.0062644422497789495,0.00026943886221639403,225,23163
3,27082,5.443066050873935e-08,0.005076283196690212,0.00021056031568590373,225,23163
3,28405,5.443066050873935e-08,0.004112142393779311,0.00016284142077160386,225,23163
3,29793,5.443066050873935e-08,0.0033394774247943225,0.00012465541062735226,225,23163
3,31248,5.443066050873935e-08,0.0027286868713609735,9.452261550896763e-05,225,23163
3,32775,5.443066050873935e-08,0.002251775443730395,7.104480648354322e-05,225,23163
3,34376,5.443066050873935e-08,0.0018849719525075677,5.3034419572358655e-05,225,23163
3,36055,5.443066050873935e-08,0.0016068670500245087,3.942274478788892e-05,225,23163
3,37817,5.443066050873935e-08,0.0013990715380773383,2.9292384105852085e-05,225,23163
3,39664,5.443066050873935e-08,0.0012464174956689014,2.1886741164058986e-05,225,23163
3,41602,5.443066050873935e-08,0.001135976042843632,1.6561862613300457e-05,225,23163
3,43634,5.443066050873935e-08,0.001057464879892762,1.280586296073739e-05,225,23163
3,45765,5.443066050873935e-08,0.001002587864929906,1.0206440052149232e-05,225,23163
3,48001,5.443066050873935e-08,0.0009648766158623087,8.442717416196365e-06,225,23163
3,50346,5.443066050873935e-08,0.0009394267871468035,7.271867336077429e-06,225,23163
3,52805,5.443066050873935e-08,0.0009225480958822703,6.51177492083191e-06,225,23163
3,55385,5.443066050873935e-08,0.0009115342946114721,6.029477255696624e-06,225,23163
3,58090,5.443066050873935e-08,0.0009044648634218977,5.731074641561133e-06,225,23163
3,60928,5.443066050873935e-08,0.0008999874164341049,5.5510063550286096e-06,225,23163
3,63904,5.443066050873935e-08,0.0008971860241947114,5.445294452893375e-06,225,23163
3,67026,5.443066050873935e-08,0.0008954473013227805,5.3849387418488775e-06,225,23163
3,70300,5.443066050873935e-08,0.0008943734288245659,5.351498106669818e-06,225,23163
3,73735,5.443066050873935e-08,0.0008937100572498525,5.333529435725332e-06,225,23163
3,77336,5.443066050873935e-08,0.0008932990144472007,5.324191173756406e-06,225,23163
3,81114,5.443066050873935e-08,0.0008930423438705155,5.319496991409878e-06,225,23163
3,85077,5.443066050873935e-08,0.000892880805395872,5.317221137543374e-06,225,23163
3,89233,5.443066050873935e-08,0.0008927784306739181,5.316158716749598e-06,225,23163
3,93592,5.443066050873935e-08,0.0008927132671349478,5.3156818203284145e-06,225,23163
3,98164,5.443066050873935e-08,0.0008926718001607411,5.315476413577573e-06,225,23163
3,102959,5.443066050873935e-08,0.0008926455564741172,5.315391697946437e-06,225,23163
3,107989,5.443066050873935e-08,0.00089262911690154,5.315358303646551e-06,225,23163
3,113264,5.443066050873935e-08,0.0008926189757266341,5.315345756064364e-06,225,23163
3,118797,5.443066050873935e-08,0.0008926128361904329,5.315341269957583e-06,225,23163
3,124600,5.443066050873935e-08,0.0008926092015057517,5.315339748043156e-06,225,23163
3,130687,5.443066050873935e-08,0.0008926071025695617,5.3153392592471235e-06,225,23163
3,137071,5.443066050873935e-08,0.0008926059233292855,5.3153391110650435e-06,225,23163
3,143767,5.443066050873935e-08,0.0008926052799102,5.315339068768404e-06,225,23163
3,150790,5.443066050873935e-08,0.0008926049396543818,5.315339057435934e-06,225,23163
3,158156,5.443066050873935e-08,0.0008926047655603868,5.315339054594411e-06,225,23163
3,165882,5.443066050873935e-08,0.0008926046795261849,5.3153390539297566e-06,225,23163
3,173986,5.443066050873935e-08,0.000892604638535057,5.31533905378522e-06,225,23163
3,182485,5.443066050873935e-08,0.0008926046197433192,5.315339053756106e-06,225,23163
3,191400,5.443066050873935e-08,0.0008926046114667891,5.315339053750692e-06,225,23163
3,200749,5.443066050873935e-08,0.0008926046079730849,5.315339053749766e-06,225,23163
3,210556,5.443066050873935e-08,0.0008926046065617448,5.3153390537496215e-06,225,23163
3,220842,5.443066050873935e-08,0.0008926046060175945,5.315339053749601e-06,225,23163
3,226980,5.443066050873935e-08,0.0008926046058787099,5.315339053749599e-06,225,23163
3,230450,5.443066050873935e-08,0.0008926046058306601,5.315339053749599e-06,225,23163
3,231440,5.443066050873935e-08,0.0008926046058197421,5.315339053749599e-06,225,23163
3,231630,5.443066050873935e-08,0.0008926046058177676,5.315339053749599e-06,225,23163
4,0,0.6279358053767029,0.9573775259888903,0.6757700142383517,206,22597
4,1,0.6132256419029712,0.9546894146446193,0.6609254946173128,206,22597
4,2,0.5988817385300634,0.9520603098250647,0.646450185244178,206,22597
4,3,0.5848945320020239,0.9494887443916659,0.6323344495104098,206,22597
4,4,0.5712547181683812,0.9469732894894404,0.6185689118269844,206,22597
4,5,0.557953244756732,0.9445125535102359,0.6051444503451417,206,22597
4,6,0.544981304351685,0.942105181084892,0.5920521898849425,206,22597
4,7,0.5323303275741579,0.9397498521034838,0.5792834950655796,206,22597
4,8,0.5199919764552001,0.9374452807628483,0.5668299636315819,206,22597
4,9,0.5079581379986821,0.9351902146406114,0.5546834199692071,206,22597
4,10,0.4962209179273682,0.932983433794967,0.5428359088075083,206,22597
4,11,0.4847726346070435,0.9308237498894673,0.5312796890987026,206,22597
4,12,0.4736058131435232,0.9287100053421209,0.5200072280726393,206,22597
4,13,0.46271317964753317,0.9266410724980979,0.5090111954603187,206,22597
4,14,0.45208765566258824,0.9246158528253785,0.4982844578815558,206,22597
4,15,0.4417223527511456,0.9226332761326906,0.4878200733920337,206,22597
4,16,0.43161056723444496,0.9206922998091011,0.47761128618512655,206,22597
4,17,0.4217457750815885,0.9187919080846509,0.4676515214440138,206,22597
4,18,0.412121626943536,0.9169311113114326,0.4579343803397324,206,22597
4,19,0.4027319433278263,0.915108945264534,0.4484536351709479,206,22597
4,20,0.3935707099099534,0.913324470462285,0.43920322464134587,206,22597
4,21,0.38463207297744917,0.9115767715052581,0.4301772492706673,206,22597
4,22,0.3759103350028374,0.9098649564334946,0.42136996693552636,206,22597
4,23,0.36739995034174,0.9081881561014434,0.4127757885362663,206,22597
4,24,0.3590955210525227,0.9065455235701044,0.4043892737862147,206,22597
4,26,0.34308365107761607,0.9033594816557894,0.388218193716163,206,22597
4,27,0.3353661170313446,0.9018144841881927,0.3804234556347601,206,22597
4,28,0.3278343440711889,0.9003004772492404,0.3728160280600233,206,22597
4,30,0.3133093339166287,0.897362476031922,0.35814420899766086,206,22597
4,31,0.306307032012906,0.8959370490270446,0.3510706811671988,206,22597
4,33,0.2928010646279962,0.8931698954599797,0.3374264466513876,206,22597
4,34,0.2862890343371647,0.8918268422244059,0.33084730882512425,206,22597
4,36,0.273726789257756,0.889218590798083,0.3181547411378578,206,22597
4,38,0.2617547313050976,0.8867100758081351,0.3060573470201727,206,22597
4,39,0.2559808105668171,0.8854917503362111,0.30022255466069264,206,22597
4,41,0.24483960039133834,0.8831241531037718,0.2889630536527925,206,22597
4,43,0.23421818254358776,0.8808450429992105,0.27822776896640133,206,22597
4,45,0.22409091309195206,0.8786503046952514,0.2679908509086721,206,22597
4,48,0.2097736772060211,0.8755078884735308,0.253516626014454,206,22597
4,50,0.2007780900916741,0.8735073801353874,0.24442110091632824,206,22597
4,52,0.19219685548678986,0.8715783694860435,0.23574350286708842,206,22597
4,55,0.18005795573647088,0.8688117771849491,0.22346640349158964,206,22597
4,58,0.16874212663743335,0.8661882994744321,0.21201952973049526,206,22597
4,60,0.1616261140433791,0.8645140229292101,0.2048198890337836,206,22597
4,63,0.15155287605137707,0.8621079468663772,0.19462647518958193,206,22597
4,66,0.14215473564380202,0.8598207384092742,0.1851141015460357,206,22597
4,70,0.13059154484357344,0.8569424136814768,0.1734071628985973,206,22597
4,73,0.12258801237326661,0.8549027034030453,0.1653017703054822,206,22597
4,77,0.112732196177661,0.852329099755815,0.15531743990322552,206,22597
4,80,0.1059044824562086,0.8505004521419108,0.14839841736404785,206,22597
4,84,0.0974893173752141,0.848186944698879,0.13986774042047323,206,22597
4,89,0.08797583020254127,0.845478384986279,0.1302190276232673,206,22597
4,93,0.08109031468788828,0.8434447517457104,0.12323199068543161,206,22597
4,97,0.0747863222959602,0.8415187311747644,0.11683185600951829,206,22597
4,102,0.0676447521152808,0.8392488824189366,0.10957698968018607,206,22597
4,107,0.06123876038580111,0.8371173074918541,0.1030646130650189,206,22597
4,112,0.055487485674258374,0.8351099073038615,0.09721315972375771,206,22597
4,118,0.04935012808469532,0.8328473584218276,0.09096290099802658,206,22597
4,124,0.043945021108829564,0.8307264848421854,0.08545197291750273,206,22597
4,130,0.03917879331002995,0.8287306060207624,0.08058616993630051,206,22597
4,136,0.03497066193521765,0.8268451588612642,0.07628398107011057,206,22597
4,143,0.030673728830607337,0.8247681509681143,0.0718834432365156,206,22597
4,150,0.026946262937440454,0.8228066781916831,0.06805814387913289,206,22597
4,157,0.023707435702501983,0.820945725329597,0.06472650360012032,206,22597
4,165,0.020516660681073225,0.8189255501013161,0.061434981014323306,206,22597
4,173,0.017788486003102975,0.8170034845424179,0.05861095680190282,206,22597
4,181,0.015451029745084994,0.8151656921556995,0.05618185715920652,206,22597
4,190,0.013214100504794579,0.8131844122209028,0.053846131923387976,206,22597
4,199,0.011325237929126755,0.8112810468998927,0.051862359532944,206,22597
4,203,0.01058188940848813,0.810456997967802,0.05107792037339166,206,22597
4,204,0.010404457967230203,0.8102529210809942,0.0508903127462351,206,22597
4,206,0.010059220770942514,0.8098469959111314,0.05052483425672236,206,22597
4,207,0.009891288844825015,0.809645121876931,0.05034683593590079,206,22597
4,208,0.009726399484122867,0.8094439567974703,0.05017191551127369,206,22597
4,209,0.009564492904909277,0.8092434884216506,0.05000001258646081,206,22597
4,218,0.008232299560133684,0.807468718295411,0.04857931915452261,206,22597
4,219,0.008097197738913993,0.8072745935821054,0.04843453700882602,206,22597
4,225,0.007335457162382095,0.806121624446876,0.04761530102371268,206,22597
4,226,0.0072162349429180485,0.805931340015393,0.04748658968906555,206,22597
4,230,0.006759929930207699,0.8051752461725336,0.04699257926862282,206,22597
4,241,0.005658676188038494,0.8031341498890545,0.04578953441514856,206,22597
4,253,0.004674423482136824,0.8009627851396857,0.044696985811065154,206,22597
4,265,0.0038724658916602563,0.7988394582327331,0.04378911862134406,206,22597
4,278,0.0031678361371415133,0.7965841651513852,0.04297198530445713,206,22597
4,292,0.002560237953368225,0.7941987108564481,0.04224537647949184,206,22597
4,306,0.0020759188680725287,0.7918504335177132,0.041643886633523294,206,22597
4,321,0.001663802679742218,0.789368604643005,0.04110791944444593,206,22597
4,337,0.0013187036958139564,0.7867537305646203,0.04063231163646238,206,22597
4,353,0.0010488056509622976,0.7841668219649168,0.040233282101052786,206,22597
4,370,0.000825201852757961,0.7814440440593093,0.03987374530096023,206,22597
4,388,0.000642543664564526,0.7785857708597388,0.039548369151647216,206,22597
4,407,0.0004953038158355988,0.775592348324911,0.03925164184757292,206,22597
4,427,0.00037810003406446704,0.7724641823622265,0.03897819992044738,206,22597
4,448,0.00028591600531588943,0.7692018037898268,0.038723052460547136,206,22597
4,470,0.00021423492872317524,0.7658059121610495,0.03848171686168635,206,22597
4,493,0.00015910351745576393,0.7622774014974749,0.038250284095601314,206,22597
4,517,0.00011714417052669501,0.7586173714631969,0.03802543141840263,206,22597
4,542,8.553124498197995e-05,0.7548271275208264,0.037804398617834786,206,22597
4,569,6.118615272405719e-05,0.7507578969897536,0.03757667147821793,206,22597
4,596,4.397406745902922e-05,0.7467128002065696,0.03735726596631243,206,22597
4,626,3.062304571233108e-05,0.7422456160651986,0.037120605962305736,206,22597
4,656,2.1437354974568496e-05,0.7378064896198666,0.03688949818421355,206,22597
4,688,1.4736642965779328e-05,0.7331016947743128,0.036647579556892504,206,22597
4,722,9.957791329340113e-06,0.7281365062339096,0.03639455075051184,206,22597
4,757,6.6966771183313025e-06,0.7230609851492809,0.03613751128395319,206,22597
4,794,4.43679869307677e-06,0.7177343322968783,0.0358689056115667,206,22597
4,833,2.901557552188193e-06,0.7121625554197042,0.03558875815146314,206,22597
4,874,1.8780838919732285e-06,0.706351929219115,0.03529717051474582,206,22597
4,916,1.2200864739303898e-06,0.7004489238604777,0.03500132175906931,206,22597
4,961,7.837570461901227e-07,0.6941791619847143,0.034687348075660394,206,22597
4,1008,5.072354673060396e-07,0.6876907848198709,0.034362596353133865,206,22597
4,1057,3.345203290310987e-07,0.6809909847571067,0.0340273709602765,206,22597
4,1109,2.2647544422698256e-07,0.673952477775595,0.0336752678789507,206,22597
4,1163,1.613421802266535e-07,0.6667203548069094,0.03331352179398657,206,22597
4,1220,1.2191336736602781e-07,0.6591707355001325,0.03293592061593789,206,22597
4,1279,9.875065039244758e-08,0.6514463603446907,0.03254959380508647,206,22597
4,1342,8.48594182445763e-08,0.6432983276929652,0.03214208679399891,206,22597
4,1408,7.678455067622023e-08,0.6348717162614456,0.031720651846099054,206,22597
4,1476,7.216001038228209e-08,0.6263053320833305,0.031292228667670105,206,22597
4,1548,6.942907180325811e-08,0.6173611558027722,0.030844912078700628,206,22597
4,1624,6.782271032194962e-08,0.608058794451757,0.030379681905305912,206,22597
4,1703,6.688559398388614e-08,0.5985379752377348,0.02990352572187072,206,22597
4,1787,6.632237142328388e-08,0.588578260844463,0.029405418683371622,206,22597
4,1874,6.59905232053788e-08,0.5784377576940565,0.02889826903759083,206,22597
4,1965,6.579124890859703e-08,0.5680181737915635,0.0283771608260309,206,22597
4,2061,6.567057053865211e-08,0.5572297457442023,0.02783760460312904,206,22597
4,2162,6.559816174818145e-08,0.5461008539702994,0.027281019569672958,206,22597
4,2268,6.555524535386478e-08,0.5346603363674481,0.02670884781253894,206,22597
4,2378,6.553035751390346e-08,0.5230418196743809,0.02612777222317227,206,22597
4,2495,6.551582028656252e-08,0.5109613239066496,0.025523589948124568,206,22597
4,2617,6.550768745554088e-08,0.49866208965646125,0.024908465969516864,206,22597
4,2744,6.550323048051179e-08,0.48617368519536275,0.024283878920079806,206,22597
4,2878,6.550081488125964e-08,0.4733364298752973,0.023641842414650973,206,22597
4,3019,6.549954890861705e-08,0.4601950017548952,0.02298459068973317,206,22597
4,3167,6.549890742923559e-08,0.44679412668486823,0.022314360380596764,206,22597
4,3321,6.54985945266207e-08,0.4332648279333934,0.021637704233487903,206,22597
4,3483,6.549844495778983e-08,0.4194754376386532,0.02094803672927386,206,22597
4,3654,6.549837596913728e-08,0.40539670678576945,0.02024389464850688,206,22597
4,3832,6.549834575265691e-08,0.3912443327012228,0.01953606569336004,206,22597
4,4019,6.549833287468466e-08,0.37690931068238737,0.018819097705262917,206,22597
4,4216,6.54983276099889e-08,0.362376638585207,0.018092239959934784,206,22597
4,4422,6.549832556820817e-08,0.34778031692921835,0.0173621941721315,206,22597
4,4638,6.549832480882253e-08,0.33310789008001934,0.016628337002588815,206,22597
4,4864,6.549832454008791e-08,0.31841998201551075,0.015893700247431978,206,22597
4,5102,6.549832444918838e-08,0.30365350569844574,0.015155128093013098,206,22597
4,5351,6.549832442029319e-08,0.28893890971210645,0.01441914472716556,206,22597
4,5612,6.549832441158026e-08,0.2742820833914636,0.013686044316073091,206,22597
4,5886,6.549832440910088e-08,0.25969679726302913,0.012956515188609996,206,22597
4,6174,6.549832440843896e-08,0.24520409032750812,0.01223160920210321,206,22597
4,6476,6.5498324408274e-08,0.2308775794465681,0.01151500811138116,206,22597
4,6792,6.549832440823578e-08,0.21678531273095306,0.01081011522752298,206,22597
4,7124,6.549832440822731e-08,0.2029084913410867,0.010115989818302503,206,22597
4,7472,6.549832440822562e-08,0.18931911958456737,0.00943623314993761,206,22597
4,7837,6.549832440822539e-08,0.17604675360902478,0.008772323278793528,206,22597
4,8220,6.549832440822532e-08,0.16312355903036146,0.008125868828724235,206,22597
4,8621,6.549832440822532e-08,0.1506132686429989,0.007500057597950996,206,22597
4,9042,6.549832440822532e-08,0.13851543571805186,0.006894866983816082,206,22597
4,9484,6.549832440822532e-08,0.12686425535673213,0.006312007339256038,206,22597
4,9947,6.549832440822532e-08,0.11571549918124296,0.005754268551197321,206,22597
4,10433,6.549832440822532e-08,0.10507236597025423,0.00522181059869686,206,22597
4,10943,6.549832440822532e-08,0.09496238671796314,0.0047160108229335135,206,22597
4,11477,6.549832440822532e-08,0.08542601815230545,0.00423889344288318,206,22597
4,12038,6.549832440822532e-08,0.07644649877867868,0.003789620136987739,206,22597
4,12626,6.549832440822532e-08,0.06805634190117894,0.003369818042157581,206,22597
4,13243,6.549832440822532e-08,0.060251767900107236,0.00297929862907773,206,22597
4,13890,6.549832440822532e-08,0.05303941278701896,0.002618394691836733,206,22597
4,14568,6.549832440822532e-08,0.04641935539165418,0.002287111148778674,206,22597
4,15280,6.549832440822532e-08,0.040369432769905636,0.001984340054245708,206,22597
4,16027,6.549832440822532e-08,0.03488374863258466,0.0017097876580817058,206,22597
4,16809,6.549832440822532e-08,0.029955245729347144,0.0014631024168408095,206,22597
4,17631,6.549832440822532e-08,0.02554234713903885,0.0012422051518446795,206,22597
4,18492,6.549832440822532e-08,0.02163606333319156,0.0010466479797082715,206,22597
4,19395,6.549832440822532e-08,0.01820175842828211,0.0008746994073859626,206,22597
4,20343,6.549832440822532e-08,0.015205559742164679,0.0007246661647956408,206,22597
4,21336,6.549832440822532e-08,0.012620872326368085,0.0005952195129866671,206,22597
4,22379,6.549832440822532e-08,0.010406179009098546,0.00048428345093106393,206,22597
4,22596,6.549832440822532e-08,0.010000708194915836,0.00046397058452507864,206,22597
4,22597,6.549832440822532e-08,0.009998880143517047,0.0004638790026989644,206,22597
4,22697,6.549832440822532e-08,0.009817910910620087,0.000454812705662992,206,22597
4,22698,6.549832440822532e-08,0.009816119452875883,0.0004547229553210715,206,22597
4,23044,6.549832440822532e-08,0.009217316924740027,0.000424722482716857,206,22597
4,23045,6.549832440822532e-08,0.009215645700822256,0.0004246387501186234,206,22597
4,23143,6.549832440822532e-08,0.009053478309982646,0.000416513666025913,206,22597
4,23144,6.549832440822532e-08,0.00905183988591797,0.0004164315751089295,206,22597
4,23162,6.549832440822532e-08,0.009022404278544623,0.00041495674279322923,206,22597
4,23163,6.549832440822532e-08,0.00902077207541817,0.00041487496324532294,206,22597
4,23472,6.549832440822532e-08,0.008531754998379012,0.00039037257042920425,206,22597
4,24618,6.549832440822532e-08,0.00696077470321544,0.00031164573358880894,206,22597
4,25821,6.549832440822532e-08,0.0056569916218932766,0.0002462905900714563,206,22597
4,27082,6.549832440822532e-08,0.004588926230274693,0.00019273348800766287,206,22597
4,28405,6.549832440822532e-08,0.0037236418911498525,0.00014932742797571,206,22597
4,29793,6.549832440822532e-08,0.0030315458692179377,0.00011459267035655476,206,22597
4,31248,6.549832440822532e-08,0.0024857217527746007,8.718327799346399e-05,206,22597
4,32775,6.549832440822532e-08,0.002060741326353119,6.582739391847652e-05,206,22597
4,34376,6.549832440822532e-08,0.0017350057369117326,4.944478621413705e-05,206,22597
4,36055,6.549832440822532e-08,0.0014890827985189073,3.706333492757216e-05,206,22597
4,37817,6.549832440822532e-08,0.0013062948224769365,2.7848556490235473e-05,206,22597
4,39664,6.549832440822532e-08,0.0011728879643993439,2.1112235737544462e-05,206,22597
4,41602,6.549832440822532e-08,0.0010771616421212887,1.6268619839645296e-05,206,22597
4,43634,6.549832440822532e-08,0.001009816386973086,1.2852087526984997e-05,206,22597
4,45765,6.549832440822532e-08,0.0009633659909323671,1.048760052406408e-05,206,22597
4,48001,6.549832440822532e-08,0.0009319877175800114,8.883283182822745e-06,206,22597
4,50346,6.549832440822532e-08,0.0009112778350358912,7.818254561407004e-06,206,22597
4,52805,6.549832440822532e-08,0.000897937179738459,7.126859317128364e-06,206,22597
4,55385,6.549832440822532e-08,0.0008895604911240466,6.688151726692119e-06,206,22597
4,58090,6.549832440822532e-08,0.0008844518653483763,6.416718748076024e-06,206,22597
4,60928,6.549832440822532e-08,0.0008814305589451023,6.252925037657569e-06,206,22597
4,63904,6.549832440822532e-08,0.0008797070760061075,6.156767379807053e-06,206,22597
4,67026,6.549832440822532e-08,0.0008787635332812613,6.1018666193939365e-06,206,22597
4,70300,6.549832440822532e-08,0.0008782728683642244,6.0714483496352645e-06,206,22597
4,73735,6.549832440822532e-08,0.0008780343095591462,6.05510368760754e-06,206,22597
4,77336,6.549832440822532e-08,0.0008779295937460044,6.046609417982367e-06,206,22597
4,81114,6.549832440822532e-08,0.0008778914972092334,6.042339495950429e-06,206,22597
4,85077,6.549832440822532e-08,0.0008778838069493784,6.040269333811703e-06,206,22597
4,89233,6.549832440822532e-08,0.0008778880522879617,6.039302934635095e-06,206,22597
4,93592,6.549832440822532e-08,0.0008778955398408786,6.03886914012405e-06,206,22597
4,98164,6.549832440822532e-08,0.0008779026585649591,6.038682298040344e-06,206,22597
4,102959,6.549832440822532e-08,0.0008779082508325401,6.038605239010009e-06,206,22597
4,107989,6.549832440822532e-08,0.0008779122261768126,6.038574862887759e-06,206,22597
4,113264,6.549832440822532e-08,0.0008779148717633835,6.0385634493563535e-06,206,22597
4,118797,6.549832440822532e-08,0.0008779165480784687,6.038559368704013e-06,206,22597
4,124600,6.549832440822532e-08,0.0008779175676971206,6.038557984340249e-06,206,22597
4,130687,6.549832440822532e-08,0.0008779181658636707,6.038557539721614e-06,206,22597
4,137071,6.549832440822532e-08,0.0008779185049651292,6.0385574049322345e-06,206,22597
4,143767,6.549832440822532e-08,0.0008779186909117078,6.038557366458367e-06,206,22597
4,150790,6.549832440822532e-08,0.0008779187895097103,6.038557356150125e-06,206,22597
4,158156,6.549832440822532e-08,0.0008779188400289635,6.038557353565418e-06,206,22597
4,165882,6.549832440822532e-08,0.0008779188650124459,6.038557352960836e-06,206,22597
4,173986,6.549832440822532e-08,0.0008779188769199965,6.0385573528293625e-06,206,22597
4,182485,6.549832440822532e-08,0.0008779188823797175,6.03855735280288e-06,206,22597
4,191400,6.549832440822532e-08,0.000877918884784545,6.0385573527979546e-06,206,22597
4,200749,6.549832440822532e-08,0.0008779188857997078,6.0385573527971134e-06,206,22597
4,210556,6.549832440822532e-08,0.0008779188862098052,6.038557352796981e-06,206,22597
4,220842,6.549832440822532e-08,0.0008779188863679214,6.038557352796963e-06,206,22597
4,225970,6.549832440822532e-08,0.0008779188864032169,6.03855735279696e-06,206,22597
4,226980,6.549832440822532e-08,0.0008779188864082779,6.03855735279696e-06,206,22597
4,230450,6.549832440822532e-08,0.0008779188864222401,6.03855735279696e-06,206,22597
4,231440,6.549832440822532e-08,0.0008779188864254124,6.03855735279696e-06,206,22597
4,231630,6.549832440822532e-08,0.0008779188864259862,6.03855735279696e-06,206,22597
5,0,0.6155542994036665,0.9714525253379724,0.664253217273925,229,22492
5,1,0.6021191529570938,0.9688095141725677,0.6506858972783932,229,22492
5,2,0.5890043071862694,0.9662204471492049,0.6374415736410781,229,22492
5,3,0.5762015577614814,0.9636840406046338,0.6245119778928402,229,22492
5,4,0.5637029225416679,0.9611990437241339,0.6118890653946844,229,22492
5,5,0.5515006352961873,0.9587642376525612,0.5995650090151008,229,22492
5,6,0.5395871396098378,0.9563784346305005,0.5875321929919093,229,22492
5,7,0.5279550829656299,0.9540404771547887,0.5757832069730752,229,22492
5,8,0.5165973110000056,0.9517492371627022,0.5643108402311553,229,22492
5,9,0.5055068619253439,0.9495036152391143,0.5531080760461768,229,22492
5,10,0.49467696111475573,0.9473025398459577,0.5421680862519229,229,22492
5,11,0.4841010158443258,0.9451449665733419,0.5314842259407455,229,22492
5,12,0.47377261018810174,0.9430298774116979,0.5210500283221776,229,22492
5,13,0.46368550006127607,0.9409562800443345,0.5108591997307586,229,22492
5,14,0.45383360840714704,0.938923207159822,0.5009056147786292,229,22492
5,15,0.4442110205235744,0.9369297157836199,0.49118331164858375,229,22492
5,16,0.4348119795247811,0.934974886628399,0.48168648752340215,229,22492
5,17,0.4256308819344737,0.9330578234625087,0.47240949414740835,229,22492
5,18,0.41666227340637974,0.9311776524960734,0.4633468335163264,229,22492
5,19,0.40790084456841774,0.9293335217841999,0.4544931536916245,229,22492
5,20,0.39934142698682895,0.9275246006468086,0.44584324473565207,229,22492
5,21,0.3909789892467137,0.9257500791046055,0.43739203476398775,229,22492
5,22,0.3828086331455207,0.9240091673307285,0.42913458611152433,229,22492
5,23,0.3748255899961444,0.922301095117621,0.42106609160892217,229,22492
5,24,0.3670252170363847,0.9206251113586894,0.4131818709661648,229,22492
5,26,0.3519545194376586,0.9173664972718634,0.3979481435225271,229,22492
5,27,0.3446755080107633,0.9157824557691167,0.3905898794269584,229,22492
5,28,0.33756178671205284,0.9142276794310322,0.38339836806931693,229,22492
5,30,0.3238140669923459,0.9112032869735236,0.3694993243948112,229,22492
5,31,0.3171722580028696,0.9097323934865547,0.3627839176885021,229,22492
5,33,0.304333974727429,0.9068701349956773,0.3498024137649819,229,22492
5,34,0.2981302857687582,0.9054775840661177,0.34352904262299666,229,22492
5,36,0.28613647511539664,0.9027667815719119,0.3313995811278355,229,22492
5,38,0.27467200961881794,0.900151395613974,0.31980423382825945,229,22492
5,39,0.2691303217655552,0.8988781647890913,0.31419882756011225,229,22492
5,41,0.2584128304036715,0.8963980999663232,0.30335721806241334,229,22492
5,43,0.24816381631783266,0.8940033349731668,0.2929883494235569,229,22492
5,45,0.23836107129786263,0.8916901557866502,0.283069827871615,229,22492
5,48,0.22444788106645588,0.8883656661866218,0.2689902347100032,229,22492
5,50,0.2156708825301278,0.8862413340211496,0.2601068993865319,229,22492
5,52,0.2072708965830277,0.8841869151557614,0.25160407148538433,229,22492
5,55,0.19533956313429568,0.8812298713982654,0.2395247030153333,229,22492
5,58,0.1841613897166915,0.8784139253241023,0.22820554819204583,229,22492
5,60,0.1771020453305966,0.8766106156163487,0.221055915043812,229,22492
5,63,0.16706630926673077,0.8740104478485141,0.21088998509033619,229,22492
5,66,0.15765435196041008,0.8715290786164475,0.20135377337122837,229,22492
5,70,0.14600297833556444,0.86839276803216,0.189545336036814,229,22492
5,73,0.13788780970814282,0.866160897236321,0.18131838786205748,229,22492
5,77,0.12783143658337678,0.8633336816395819,0.17112040653227464,229,22492
5,80,0.12081998225082682,0.8613172606566171,0.1640079462759198,229,22492
5,84,0.11212254791250942,0.8587572389652861,0.15518226561718257,229,22492
5,89,0.10220730116276261,0.8557475914671177,0.14511623250343206,229,22492
5,93,0.09496958007135593,0.8534793395125587,0.1377648580684996,229,22492
5,97,0.08829242209756302,0.8513246782367798,0.13097972876861297,229,22492
5,102,0.08066263755886079,0.8487778751654552,0.12322231011351467,229,22492
5,107,0.07375213005184725,0.8463795469941078,0.11619159690764065,229,22492
5,112,0.06748713297764193,0.844115844239696,0.10981313041392349,229,22492
5,118,0.06072935204118729,0.8415596866262015,0.10292720744720407,229,22492
5,124,0.05470716098649328,0.8391604227085401,0.0967847270060267,229,22492
5,130,0.049333579356725325,0.8369011999266243,0.09129786626150796,229,22492
5,136,0.044532726802349334,0.834767147009314,0.08639000146716187,229,22492
5,143,0.03956762739229227,0.8324181731470444,0.08130710288046432,229,22492
5,150,0.035201013032800585,0.8302034502906381,0.07682941345419374,229,22492
5,157,0.03135472285625585,0.8281070871668702,0.0728779776883901,229,22492
5,165,0.027510408872997046,0.8258385167976804,0.06891987485139867,229,22492
5,173,0.024172904370715002,0.8236886983877155,0.06547453357314137,229,22492
5,181,0.021270079790721007,0.821642349659846,0.06246905976400139,229,22492
5,190,0.01844832766253903,0.8194476197816917,0.05953721408131717,229,22492
5,199,0.01602661176548218,0.817351344185528,0.05701034377161466,229,22492
5,203,0.015062378947192418,0.8164476601548306,0.05600078042249815,229,22492
5,204,0.014831209516852057,0.8162242324214073,0.055758403496780386,229,22492
5,206,0.014380245112530247,0.8157802582396074,0.055285168726259895,229,22492
5,207,0.014160315001286948,0.8155596813037682,0.055054174217515135,229,22492
5,208,0.013943998379014486,0.8153400245987535,0.05482683939297058,229,22492
5,209,0.013731230915343007,0.8151212735515727,0.05460309919244814,229,22492
5,218,0.011966018063730616,0.8131909885044434,0.052741063450092246,229,22492
5,219,0.011785465680567573,0.8129805470960992,0.0525499555733535,229,22492
5,225,0.010761684648149989,0.8117334829585736,0.05146362431879499,229,22492
5,226,0.010600522887648034,0.8115281311135101,0.051292162706620945,229,22492
5,229,0.010132346366440344,0.8109161330255393,0.050793290467870025,229,22492
5,230,0.009981244514914396,0.8107134520213468,0.05063202294629142,229,22492
5,241,0.008469293326836791,0.808524312022953,0.0490102770538829,229,22492
5,253,0.007094243357618491,0.8062111138182436,0.04751921868383933,229,22492
5,265,0.005954246345089804,0.8039638046242017,0.04626652668633524,229,22492
5,278,0.004935332169550861,0.8015915434022834,0.04512866181550576,229,22492
5,292,0.004041305847738442,0.79909732702668,0.044109581229673456,229,22492
5,306,0.003316490787845498,0.7966553516700164,0.04326234250558005,229,22492
5,321,0.0026895911112082105,0.7940871132471209,0.042506700890925266,229,22492
5,337,0.002156094956301604,0.7913932817121757,0.04183817908862637,229,22492
5,353,0.0017323944252607933,0.7887386161332166,0.041281427172970626,229,22492
5,370,0.0013762636061914362,0.785953836782746,0.04078573432624111,229,22492
5,388,0.0010812750039514826,0.7830389729663313,0.040344674635260175,229,22492
5,407,0.000840325680858674,0.7799938763841574,0.0399511375502893,229,22492
5,427,0.0006461410193045985,0.7768183640168277,0.03959783884776174,229,22492
5,448,0.000491655838220293,0.7735123316147756,0.03927770748279764,229,22492
5,470,0.00037028056232181044,0.7700758376793333,0.0389841560201196,229,22492
5,493,0.0002760671043338809,0.7665091601535,0.03871124941037065,229,22492
5,517,0.00020379255817565015,0.762812829496228,0.038453790390297095,229,22492
5,542,0.00014897955018823353,0.7589876425232059,0.03820734057083394,229,22492
5,569,0.00010654587516307259,0.7548831148481231,0.037959277895848555,229,22492
5,596,7.643271016234862e-05,0.7508045944540647,0.03772484002393939,229,22492
5,626,5.302481332200796e-05,0.7463018841198474,0.03747585703815428,229,22492
5,656,3.6912862734169344e-05,0.7418284799368451,0.03723563797080969,229,22492
5,688,2.5176025140233185e-05,0.737088137896443,0.03698642018440183,229,22492
5,722,1.6833750863456202e-05,0.7320860412008166,0.036727482127167886,229,22492
5,757,1.1172130576999326e-05,0.7269732344938158,0.03646567639819544,229,22492
5,794,7.278909759957275e-06,0.7216077804518348,0.03619297941337958,229,22492
5,833,4.6609442139390935e-06,0.7159956643081438,0.035909197371993176,229,22492
5,874,2.938101869168458e-06,0.7101431561592458,0.03561426381011546,229,22492
5,916,1.847760635512304e-06,0.704197741532384,0.03531530483656738,229,22492
5,961,1.1382514367253842e-06,0.6978830484585474,0.03499822201655224,229,22492
5,1008,6.98696197830086e-07,0.6913482690041319,0.03467037869575433,229,22492
5,1057,4.3139328395421994e-07,0.6846006391711522,0.03433203938206125,229,22492
5,1109,2.6937663238293566e-07,0.6775119658091802,0.03397671389132387,229,22492
5,1163,1.7528467336286577e-07,0.6702283769206748,0.03361168586579041,229,22492
5,1220,1.2076847940653463e-07,0.6626251158688738,0.033230675756574804,229,22492
5,1279,9.034977722626611e-08,0.6548459443335506,0.03284087069964546,229,22492
5,1342,7.317519480733915e-08,0.6466402053626552,0.03242970009684663,229,22492
5,1408,6.387396496459946e-08,0.6381540187729595,0.032004479237138776,229,22492
5,1476,5.8957046345787924e-08,0.6295271814575343,0.03157220883706843,229,22492
5,1548,5.6297949235292577e-08,0.6205200067411868,0.0311208761115104,229,22492
5,1624,5.487357533858328e-08,0.6111522577220148,0.0306514693395137,229,22492
5,1703,5.411590076612172e-08,0.6015646595721198,0.030171038642603575,229,22492
5,1787,5.369674570320814e-08,0.5915352478296,0.029668460114761378,229,22492
5,1874,5.346545334122253e-08,0.581323954517253,0.029156757838755678,229,22492
5,1965,5.333231669219096e-08,0.5708318181495855,0.028630971706502688,229,22492
5,2061,5.3253198061473374e-08,0.5599684734545407,0.028086571963196857,229,22492
5,2162,5.3205657677919246e-08,0.548762524752523,0.027524990546269147,229,22492
5,2268,5.3177013269823796e-08,0.5372430368849405,0.026947682486673258,229,22492
5,2378,5.315997038901898e-08,0.5255445829852295,0.026361390666697845,229,22492
5,2495,5.314971010551151e-08,0.5133812606839091,0.025751784735784242,229,22492
5,2617,5.314378564677235e-08,0.5009980137910267,0.025131138879262667,229,22492
5,2744,5.314043854660309e-08,0.4884246403499855,0.024500945003316194,229,22492
5,2878,5.313857276113202e-08,0.47550040900498913,0.023853145030167354,229,22492
5,3019,5.313756996643505e-08,0.4622703446222538,0.02318999325273184,229,22492
5,3167,5.3137050630196494e-08,0.44877951879854094,0.022513746384227207,229,22492
5,3321,5.3136792666067e-08,0.43515987349998503,0.021831015993943326,229,22492
5,3483,5.3136667564493796e-08,0.42127890474462265,0.021135157445506293,229,22492
5,3654,5.313660923120364e-08,0.4071072259984971,0.020424694384361584,229,22492
5,3832,5.3136583494843196e-08,0.39286200956501155,0.01971051135230544,229,22492
5,4019,5.313657248485828e-08,0.3784335851075035,0.0189871072475381,229,22492
5,4216,5.3136567982111295e-08,0.36380691618974176,0.018253724606636882,229,22492
5,4422,5.313656624093522e-08,0.34911693152124956,0.01751712530466992,229,22492
5,4638,5.313656559730316e-08,0.3343511543507298,0.016776680406747634,229,22492
5,4864,5.313656537162074e-08,0.3195706557174378,0.01603544892498527,229,22492
5,5102,5.3136565296210715e-08,0.30471202004915865,0.015290246716457798,229,22492
5,5351,5.3136565272600274e-08,0.28990658086491333,0.014547656535677694,229,22492
5,5612,5.313656526560796e-08,0.2751603292601378,0.013807975189515456,229,22492
5,5886,5.31365652636593e-08,0.260487191496677,0.013071897185872918,229,22492
5,6174,5.313656526315096e-08,0.24590841052009343,0.01234048382444626,229,22492
5,6476,5.313656526302765e-08,0.23149811572660592,0.01161744991063802,229,22492
5,6792,5.3136565262999824e-08,0.21732481878070709,0.010906229306552672,229,22492
5,7124,5.313656526299395e-08,0.20336968063764144,0.01020587283514857,229,22492
5,7472,5.313656526299283e-08,0.18970518103770298,0.00952001409068323,229,22492
5,7837,5.3136565262992624e-08,0.17636110094763582,0.008850144397817498,229,22492
5,8220,5.313656526299259e-08,0.16336983892410917,0.008197886820786194,229,22492
5,8621,5.313656526299258e-08,0.15079551142870057,0.0075664577742085475,229,22492
5,9042,5.313656526299258e-08,0.13863771102715394,0.006955834452526079,229,22492
5,9484,5.313656526299258e-08,0.1269308425288326,0.006367742562263262,229,22492
5,9947,5.313656526299258e-08,0.11573096579296138,0.005804997034753073,229,22492
5,10433,5.313656526299258e-08,0.10504130178631371,0.0052677592851610115,229,22492
5,10943,5.313656526299258e-08,0.09488949989681437,0.004757419018856072,229,22492
5,11477,5.313656526299258e-08,0.08531615512287748,0.004276018625931565,229,22492
5,12038,5.313656526299258e-08,0.07630439565583881,0.003822712259339466,229,22492
5,12626,5.313656526299258e-08,0.06788678726514834,0.0033991416625600113,229,22492
5,13243,5.313656526299258e-08,0.06005944292902225,0.0030051166138781635,229,22492
5,13890,5.313656526299258e-08,0.05282889661548033,0.0026409728948262835,229,22492
5,14568,5.313656526299258e-08,0.04619506895691627,0.00230671546789971,229,22492
5,15280,5.313656526299258e-08,0.04013556527005606,0.0020012264415746224,229,22492
5,16027,5.313656526299258e-08,0.034644263205751015,0.001724209428742744,229,22492
5,16809,5.313656526299258e-08,0.02971382758889331,0.001475309730204165,229,22492
5,17631,5.313656526299258e-08,0.025302362375671492,0.001252429502797929,229,22492
5,18492,5.313656526299258e-08,0.021400538200959413,0.0010551168425554098,229,22492
5,19395,5.313656526299258e-08,0.017973359275182208,0.0008816247130713923,229,22492
5,20343,5.313656526299258e-08,0.014986589630240566,0.0007302446440261201,229,22492
5,21336,5.313656526299258e-08,0.012413231530777568,0.000599635968573912,229,22492
5,22379,5.313656526299258e-08,0.010211418281811128,0.000487704049729474,229,22492
5,22491,5.313656526299258e-08,0.010001364677708941,0.00047701482966811394,229,22492
5,22492,5.313656526299258e-08,0.009999510499678463,0.0004769204646250189,229,22492
5,22596,5.313656526299258e-08,0.009808704712422463,0.00046720883769541904,229,22492
5,22597,5.313656526299258e-08,0.00980688941041126,0.0004671164337526587,229,22492
5,22697,5.313656526299258e-08,0.00962719691985015,0.0004579687498954348,229,22492
5,22698,5.313656526299258e-08,0.00962541824694579,0.00045787819387783365,229,22492
5,23044,5.313656526299258e-08,0.0090310568503632,0.00042760841142290356,229,22492
5,23045,5.313656526299258e-08,0.009029398506070667,0.0004275239271693934,229,22492
5,23143,5.313656526299258e-08,0.008868494312247526,0.0004193259053862365,229,22492
5,23144,5.313656526299258e-08,0.008866868787564373,0.0004192430775511087,229,22492
5,23162,5.313656526299258e-08,0.008837665400176834,0.00041775500588161514,229,22492
5,23163,5.313656526299258e-08,0.008836046099869719,0.00041767249221067934,229,22492
5,23472,5.313656526299258e-08,0.008351023012845795,0.00039295014500122363,229,22492
5,24618,5.313656526299258e-08,0.00679486651158614,0.00031351658887155234,229,22492
5,25821,5.313656526299258e-08,0.00550638100462463,0.00024757476179836525,229,22492
5,27082,5.313656526299258e-08,0.004453751620894317,0.00019353688546971807,229,22492
5,28405,5.313656526299258e-08,0.0036037733129392255,0.00014974117559119198,229,22492
5,29793,5.313656526299258e-08,0.002926604427029336,0.00011469460913780721,229,22492
5,31248,5.313656526299258e-08,0.00239510588941927,8.703916667201003e-05,229,22492
5,32775,5.313656526299258e-08,0.0019836938015934252,6.549157395202856e-05,229,22492
5,34376,5.313656526299258e-08,0.001670622475461268,4.8961901976622645e-05,229,22492
5,36055,5.313656526299258e-08,0.0014363683534786423,3.6469304214413296e-05,229,22492
5,37817,5.313656526299258e-08,0.0012642014946346383,2.7171806060021635e-05,229,22492
5,39664,5.313656526299258e-08,0.0011403296556119634,2.0375014342082417e-05,229,22492
5,41602,5.313656526299258e-08,0.0010530649473663568,1.5487918013338188e-05,229,22492
5,43634,5.313656526299258e-08,0.0009931298045190967,1.2040715990262786e-05,229,22492
5,45765,5.313656526299258e-08,0.0009530892195175974,9.655003333660465e-06,229,22492
5,48001,5.313656526299258e-08,0.000927188370829031,8.036284270507274e-06,229,22492
5,50346,5.313656526299258e-08,0.0009110969442310061,6.961695043069583e-06,229,22492
5,52805,5.313656526299258e-08,0.0009015995675697169,6.264093244898324e-06,229,22492
5,55385,5.313656526299258e-08,0.0008963804423772612,5.821447440646354e-06,229,22492
5,58090,5.313656526299258e-08,0.0008938289463344954,5.547577847917051e-06,229,22492
5,60928,5.313656526299258e-08,0.0008928510407618194,5.382313785338383e-06,229,22492
5,63904,5.313656526299258e-08,0.0008927361004893144,5.285292934270131e-06,229,22492
5,67026,5.313656526299258e-08,0.0008930404868801008,5.229899337767861e-06,229,22492
5,70300,5.313656526299258e-08,0.0008935027320541041,5.19920800765458e-06,229,22492
5,73735,5.313656526299258e-08,0.0008939804982808727,5.1827166219885726e-06,229,22492
5,77336,5.313656526299258e-08,0.0008944048980487042,5.174146100548475e-06,229,22492
5,81114,5.313656526299258e-08,0.0008947511887077127,5.169837848051541e-06,229,22492
5,85077,5.313656526299258e-08,0.0008950176333526488,5.167749102370353e-06,229,22492
5,89233,5.313656526299258e-08,0.0008952136499916913,5.1667740279698105e-06,229,22492
5,93592,5.313656526299258e-08,0.0008953526698327991,5.166336339348944e-06,229,22492
5,98164,5.313656526299258e-08,0.0008954481460090926,5.166147820011204e-06,229,22492
5,102959,5.313656526299258e-08,0.000895511808249943,5.166070069233236e-06,229,22492
5,107989,5.313656526299258e-08,0.0008955530939441705,5.166039420428984e-06,229,22492
5,113264,5.313656526299258e-08,0.0008955791377455311,5.166027904439978e-06,229,22492
5,118797,5.313656526299258e-08,0.000895595127185439,5.1660237871562185e-06,229,22492
5,124600,5.313656526299258e-08,0.0008956046742009452,5.166022390365224e-06,229,22492
5,130687,5.313656526299258e-08,0.0008956102152399596,5.166021941755312e-06,229,22492
5,137071,5.313656526299258e-08,0.0008956133373872246,5.166021805755948e-06,229,22492
5,143767,5.313656526299258e-08,0.0008956150436546962,5.166021766936705e-06,229,22492
5,150790,5.313656526299258e-08,0.0008956159467597136,5.166021756535928e-06,229,22492
5,158156,5.313656526299258e-08,0.0008956164090503585,5.166021753928019e-06,229,22492
5,165882,5.313656526299258e-08,0.0008956166375591654,5.166021753318009e-06,229,22492
5,173986,5.313656526299258e-08,0.0008956167464448434,5.166021753185356e-06,229,22492
5,182485,5.313656526299258e-08,0.0008956167963644253,5.1660217531586355e-06,229,22492
5,191400,5.313656526299258e-08,0.0008956168183512626,5.166021753153667e-06,229,22492
5,200749,5.313656526299258e-08,0.000895616827632484,5.166021753152817e-06,229,22492
5,210556,5.313656526299258e-08,0.0008956168313818046,5.166021753152684e-06,229,22492
5,220842,5.313656526299258e-08,0.0008956168328273792,5.166021753152665e-06,229,22492
5,224920,5.313656526299258e-08,0.0008956168330967432,5.166021753152664e-06,229,22492
5,225970,5.313656526299258e-08,0.0008956168331500664,5.166021753152663e-06,229,22492
5,226980,5.313656526299258e-08,0.0008956168331963365,5.166021753152663e-06,229,22492
5,230450,5.313656526299258e-08,0.0008956168333239843,5.166021753152663e-06,229,22492
5,231440,5.313656526299258e-08,0.0008956168333529888,5.166021753152662e-06,229,22492
5,231630,5.313656526299258e-08,0.0008956168333582344,5.166021753152662e-06,229,22492
